date,name,type,distance_mi,duration,pace,avg_hr,cadence,ascent_ft,descent_ft,calories,training_load,steps,sets,device
2026-02-01,Encinitas Run,Run,3.86,40:08,"10'23""/mi",146,159,118,79,530,85,6489,,COROS PACE 2
2026-01-31,Encinitas Run,Run,5.09,52:08,"10'15""/mi",154,157,203,190,706,141,8201,,COROS PACE 2
2026-01-30,Strength,Strength,,41:49,,82,,,,263,1,,8,COROS PACE 2
2026-01-29,Encinitas Run,Run,5.17,55:04,"10'39""/mi",148,157,190,207,717,128,8623,,COROS PACE 2
2026-01-28,Encinitas Run,Run,3.46,36:40,"10'35""/mi",153,154,85,75,485,82,5617,,COROS PACE 2
2026-01-28,Strength,Strength,,55:11,,86,,,,392,3,,11,COROS PACE 2
2026-01-27,Encinitas Run,Run,2.87,30:42,"10'31""/mi",141,157,66,62,396,66,4734,,COROS PACE 2
2026-01-27,Carlsbad Mountain Bike,Bike,5.61,1:07:46,"21'27""/mi",136,,1112,1132,707,77,,,COROS PACE 2
2026-01-26,Strength,Strength,,55:44,,91,,,,452,5,,13,COROS PACE 2
2026-01-25,Carlsbad Mountain Bike,Bike,5.52,1:02:52,"22'44""/mi",143,,1112,1122,707,99,,,COROS PACE 2
2026-01-23,Carlsbad Run,Run,5.37,1:33:02,"17'18""/mi",127,98,292,240,821,127,9069,,COROS PACE 2
2026-01-21,Carlsbad Run,Run,5.76,1:00:09,"10'26""/mi",155,158,207,220,798,143,9499,,COROS PACE 2
2026-01-20,Carlsbad Run,Run,2.85,30:16,"10'37""/mi",145,154,69,92,389,68,4658,,COROS PACE 2
2026-01-20,Strength,Strength,,55:50,,81,,,,281,2,,6,COROS PACE 2
2026-01-19,Strength,Strength,,45:42,,83,,,,218,1,,1,COROS PACE 2
2026-01-18,Carlsbad Mountain Bike,Bike,6.58,1:25:13,"20'00""/mi",140,,1230,1184,933,125,,,COROS PACE 2
2026-01-17,Carlsbad Run,Run,8.0,1:28:14,"11'01""/mi",154,151,325,312,1108,198,13326,,COROS PACE 2
2026-01-16,Carlsbad Mountain Bike,Bike,5.46,1:03:42,"22'12""/mi",148,,1109,1122,755,113,,,COROS PACE 2
2026-01-15,Carlsbad Run,Run,2.95,32:29,"10'18""/mi",150,160,85,95,403,69,4886,,COROS PACE 2
2026-01-15,Strength,Strength,,52:47,,84,,,,189,1,,4,COROS PACE 2
2026-01-14,Strength,Strength,,54:04,,87,,,,398,4,,10,COROS PACE 2
2026-01-13,Carlsbad Run,Run,5.62,1:05:02,"11'06""/mi",148,152,305,299,783,131,9533,,COROS PACE 2
2026-01-12,Strength,Strength,,51:44,,84,,,,330,2,,12,COROS PACE 2
2026-01-11,Strength,Strength,,50:53,,89,,,,324,2,,5,COROS PACE 2
2026-01-10,Anguilla Run,Run,4.48,1:07:56,"15'09""/mi",147,124,308,312,665,96,8210,,COROS PACE 2
2026-01-08,Strength,Strength,,26:31,,104,,,,167,7,,7,COROS PACE 2
2026-01-08,Anguilla Run,Run,1.53,21:06,"13'45""/mi",135,133,131,131,217,37,2818,,COROS PACE 2
2026-01-07,The Valley Run,Run,4.28,53:08,"12'24""/mi",148,142,446,466,599,140,7500,,COROS PACE 2
2026-01-06,Anguilla Run,Run,3.66,47:22,"11'48""/mi",145,149,180,197,505,78,6422,,COROS PACE 2
2026-01-04,Strength,Strength,,1:05:25,,88,,,,444,4,,11,COROS PACE 2
2026-01-03,Carlsbad Trail Run,Trail Run,3.29,47:00,"13'20""/mi",137,130,607,607,466,74,5844,,COROS PACE 2
2026-01-02,Encinitas Run,Run,5.27,1:00:08,"11'15""/mi",135,158,161,154,665,106,9353,,COROS PACE 2
2026-01-01,Strength,Strength,,52:46,,78,,,,292,,,9,COROS PACE 2
2025-12-31,Escondido Mountain Bike,Bike,9.74,1:32:26,"27'18""/mi",139,,1594,1601,997,118,,,COROS PACE 2
2025-12-30,Alpine County Trail Run,Trail Run,7.24,2:43:41,"22'35""/mi",125,99,2526,2444,1512,168,13907,,COROS PACE 2
2025-12-29,Strength,Strength,,57:13,,92,,,,353,8,,10,COROS PACE 2
2025-12-27,Henderson Road Bike,Bike,24.59,2:09:08,"49'19""/mi",134,,2047,2024,1318,156,,,COROS PACE 2
2025-12-26,Henderson Run,Run,5.01,54:20,"10'51""/mi",144,157,410,472,625,139,8573,,COROS PACE 2
2025-12-25,Henderson Trail Run,Trail Run,4.1,52:30,"12'48""/mi",146,140,774,755,607,135,7347,,COROS PACE 2
2025-12-24,Strength,Strength,,1:08:21,,113,,,,587,47,,5,COROS PACE 2
2025-12-22,Indoor Bike,Bike,,06:39,,98,,,,40,1,,,COROS PACE 2
2025-12-20,Chicago Run,Run,4.97,43:52,"8'49""/mi",170,167,118,112,657,197,7300,,COROS PACE 2
2025-12-19,Encinitas Run,Run,3.93,45:17,"11'31""/mi",143,154,157,167,498,104,6980,,COROS PACE 2
2025-12-18,Strength,Strength,,46:29,,83,,,,323,1,,9,COROS PACE 2
2025-12-16,Carlsbad Mountain Bike,Bike,5.6,1:16:02,"19'04""/mi",144,,1122,1099,863,140,,,COROS PACE 2
2025-12-15,Strength,Strength,,53:28,,94,,,,385,6,,11,COROS PACE 2
2025-12-14,Indoor Bike,Bike,,50:59,,96,,,,279,7,,,COROS PACE 2
2025-12-13,Carlsbad Mountain Bike,Bike,3.47,40:24,"22'14""/mi",129,,627,620,387,45,,,COROS PACE 2
2025-12-13,Strength,Strength,,58:25,,81,,,,317,,,9,COROS PACE 2
2025-12-12,Encinitas Run,Run,5.5,58:32,"10'38""/mi",142,154,144,161,692,141,8975,,COROS PACE 2
2025-12-10,Carlsbad Run,Run,2.7,29:04,"10'45""/mi",141,160,194,194,335,68,4651,,COROS PACE 2
2025-12-10,Strength,Strength,,49:35,,82,,,,300,4,,7,COROS PACE 2
2025-12-09,Carlsbad Mountain Bike,Bike,6.24,1:13:53,"21'53""/mi",127,,1198,1129,694,70,,,COROS PACE 2
2025-12-08,Strength,Strength,,50:00,,80,,,,341,1,,11,COROS PACE 2
2025-12-07,Encinitas Run,Run,3.83,43:54,"11'28""/mi",137,155,121,115,480,84,6722,,COROS PACE 2
2025-12-06,Alpine County Trail Run,Trail Run,3.05,41:22,"13'35""/mi",144,132,522,531,471,75,5426,,COROS PACE 2
2025-12-06,Alpine County Mountain Bike,Bike,13.68,1:52:11,"31'35""/mi",130,,1660,1627,1088,117,,,COROS PACE 2
2025-12-05,Carlsbad Trail Run,Trail Run,3.57,51:48,"13'58""/mi",136,126,689,712,520,80,6301,,COROS PACE 2
2025-12-04,Strength,Strength,,57:05,,94,,,,387,9,,7,COROS PACE 2
2025-12-03,Strength,Strength,,58:29,,98,,,,425,14,,11,COROS PACE 2
2025-12-02,Carlsbad Mountain Bike,Bike,5.62,1:10:26,"20'39""/mi",140,,1119,1135,769,99,,,COROS PACE 2
2025-12-01,Strength,Strength,,56:56,,89,,,,460,4,,13,COROS PACE 2
2025-11-30,Encinitas Run,Run,4.12,54:41,"12'44""/mi",138,140,141,85,522,97,7222,,COROS PACE 2
2025-11-29,Strength,Strength,,1:04:33,,96,,,,482,8,,11,COROS PACE 2
2025-11-28,Strength,Strength,,49:21,,98,,,,364,13,,4,COROS PACE 2
2025-11-27,Chicago Run,Run,4.37,59:01,"10'45""/mi",142,154,43,46,542,100,7235,,COROS PACE 2
2025-11-26,Chicago Run,Run,3.25,34:47,"10'42""/mi",143,158,62,89,401,73,5524,,COROS PACE 2
2025-11-25,Carlsbad Mountain Bike,Bike,5.73,1:06:12,"22'25""/mi",146,,1145,1138,767,122,,,COROS PACE 2
2025-11-23,Indoor Bike,Bike,,1:16:43,,101,,,,430,14,,,COROS PACE 2
2025-11-22,San Diego Trail Run,Trail Run,6.79,1:40:09,"14'44""/mi",127,125,1581,1558,946,223,12393,,COROS PACE 2
2025-11-21,Carlsbad Trail Run,Trail Run,3.99,55:23,"13'53""/mi",133,129,722,751,558,99,7080,,COROS PACE 2
2025-11-20,Carlsbad Mountain Bike,Bike,6.23,1:15:31,"21'22""/mi",140,,1135,1227,823,117,,,COROS PACE 2
2025-11-18,Strength,Strength,,59:46,,139,,,,668,91,,1,COROS PACE 2
2025-11-17,Indoor Bike,Bike,,1:02:08,,116,,,,489,31,,,COROS PACE 2
2025-11-16,Carlsbad Trail Run,Trail Run,3.37,57:40,"17'06""/mi",117,118,620,630,472,53,6727,,COROS PACE 2
2025-11-15,Indoor Bike,Bike,,18:31,,102,,,,119,3,,,COROS PACE 2
2025-11-15,Indoor Bike,Bike,,1:06:46,,108,,,,427,20,,,COROS PACE 2
2025-11-14,Carlsbad Trail Run,Trail Run,3.32,48:49,"14'43""/mi",130,127,577,614,477,60,6228,,COROS PACE 2
2025-11-12,Sacramento Run,Run,3.87,43:13,"11'10""/mi",139,158,13,26,478,65,6828,,COROS PACE 2
2025-11-11,Strength,Strength,,48:17,,108,,,,372,18,,1,COROS PACE 2
2025-11-10,Indoor Bike,Bike,,1:00:51,,109,,,,439,22,,,COROS PACE 2
2025-11-09,Carlsbad Run,Run,4.18,46:07,"11'01""/mi",142,158,161,148,525,85,7272,,COROS PACE 2
2025-11-08,Alpine County Mountain Bike,Bike,14.64,2:16:42,"27'44""/mi",128,,1818,1788,1307,130,,,COROS PACE 2
2025-11-07,Carlsbad Mountain Bike,Bike,3.44,43:45,"20'23""/mi",144,,614,614,496,71,,,COROS PACE 2
2025-11-07,Carlsbad Trail Run,Trail Run,3.38,45:48,"13'33""/mi",149,133,604,614,548,64,6186,,COROS PACE 2
2025-11-05,Carlsbad Mountain Bike,Bike,6.64,1:22:45,"20'45""/mi",142,,1175,1171,925,126,,,COROS PACE 2
2025-11-04,Carlsbad Run,Run,4.57,51:31,"11'07""/mi",148,156,157,164,582,90,7885,,COROS PACE 2
2025-11-02,Jamul Mountain Bike,Bike,12.42,2:34:33,"20'48""/mi",148,,2949,2913,1840,310,,,COROS PACE 2
2025-11-01,Carlsbad Trail Run,Trail Run,3.28,43:13,"13'07""/mi",135,138,614,597,446,66,5946,,COROS PACE 2
2025-10-31,Strength,Strength,,55:30,,143,,,,654,91,,1,COROS PACE 2
2025-10-30,Carlsbad Mountain Bike,Bike,5.97,1:06:55,"23'07""/mi",152,,1076,1086,825,146,,,COROS PACE 2
2025-10-29,Indoor Bike,Bike,,43:09,,111,,,,320,19,,,COROS PACE 2
2025-10-28,Strength,Strength,,59:30,,86,,,,303,3,,1,COROS PACE 2
2025-10-27,Carlsbad Run,Run,3.8,39:59,"10'31""/mi",147,161,174,151,478,84,6486,,COROS PACE 2
2025-10-25,Strength,Strength,,12:56,,97,,,,102,1,,1,COROS PACE 2
2025-10-25,Indoor Run,Run,2.5,37:01,"14'46""/mi",131,148,,,365,37,5493,,COROS PACE 2
2025-10-23,Carlsbad Run,Run,2.61,32:44,"12'32""/mi",131,143,95,95,330,47,4668,,COROS PACE 2
2025-10-22,Indoor Bike,Bike,,1:05:59,,105,,,,446,19,,,COROS PACE 2
2025-10-21,Indoor Bike,Bike,,50:07,,106,,,,345,15,,,COROS PACE 2
2025-10-20,Carlsbad Run,Run,2.57,29:07,"11'06""/mi",144,153,164,141,315,52,4367,,COROS PACE 2
2025-10-20,Strength,Strength,,29:16,,86,,,,165,1,,1,COROS PACE 2
2025-10-18,Carlsbad Mountain Bike,Bike,8.63,1:54:41,"19'29""/mi",134,,1703,1722,1172,137,,,COROS PACE 2
2025-10-17,Strength,Strength,,1:00:11,,138,,,,671,88,,1,COROS PACE 2
2025-10-16,Carlsbad Mountain Bike,Bike,3.6,38:56,"23'57""/mi",139,,627,617,420,54,,,COROS PACE 2
2025-10-15,Carlsbad Run,Run,1.78,20:08,"11'20""/mi",137,155,26,20,222,28,3153,,COROS PACE 2
2025-10-15,Carlsbad Mountain Bike,Bike,6.72,1:20:20,"21'40""/mi",137,,1168,1191,851,108,,,COROS PACE 2
2025-10-14,Strength,Strength,,55:46,,88,,,,350,3,,6,COROS PACE 2
2025-10-13,Strength,Strength,,49:02,,90,,,,259,2,,1,COROS PACE 2
2025-10-12,Indoor Bike,Bike,,32:25,,98,,,,193,2,,,COROS PACE 2
2025-10-11,Pauma Valley Mountain Bike,Bike,13.25,2:19:04,"24'40""/mi",146,,2720,2717,1624,263,,,COROS PACE 2
2025-10-10,Strength,Strength,,1:01:12,,144,,,,706,100,,1,COROS PACE 2
2025-10-09,Pool Swim,Swim,1.72,50:09,"2'36""/mi",91,,,,437,3,,,COROS PACE 2
2025-10-08,Carlsbad Mountain Bike,Bike,4.4,53:21,"21'22""/mi",140,,748,751,583,78,,,COROS PACE 2
2025-10-07,Strength,Strength,,53:59,,112,,,,437,24,,1,COROS PACE 2
2025-10-06,Carlsbad Road Bike,Bike,12.15,53:30,"58'49""/mi",124,,400,404,485,40,,,COROS PACE 2
2025-10-04,San Diego Mountain Bike,Bike,5.06,1:08:08,"19'13""/mi",140,,1033,1043,742,98,,,COROS PACE 2
2025-10-02,Strength,Strength,,12:40,,106,,,,112,4,,1,COROS PACE 2
2025-10-02,Carlsbad Run,Run,2.21,36:25,"16'27""/mi",131,120,430,410,283,72,4367,,COROS PACE 2
2025-10-01,Indoor Bike,Bike,,1:02:19,,115,,,,477,30,,,COROS PACE 2
2025-09-29,Strength,Strength,,49:15,,144,,,,506,70,,1,COROS PACE 2
2025-09-28,Las Vegas Mountain Bike,Bike,3.31,48:15,"19'09""/mi",128,,587,587,427,42,,,COROS PACE 2
2025-09-27,Boulder City Mountain Bike,Bike,4.45,1:11:50,"16'02""/mi",157,,942,951,929,172,,,COROS PACE 2
2025-09-23,Pool Swim,Swim,1.79,58:46,"2'37""/mi",92,,,,461,5,,,COROS PACE 2
2025-09-22,Strength,Strength,,51:29,,95,,,,323,8,,1,COROS PACE 2
2025-09-21,Strength,Strength,,47:32,,82,,,,221,,,1,COROS PACE 2
2025-09-20,Ramona Mountain Bike,Bike,15.43,2:21:27,"28'16""/mi",143,,1936,1900,1592,219,,,COROS PACE 2
2025-09-19,Carlsbad Road Bike,Bike,11.29,51:27,"56'51""/mi",129,,344,325,493,45,,,COROS PACE 2
2025-09-19,Carlsbad Run,Run,1.03,12:37,"12'11""/mi",139,154,20,16,134,15,1892,,COROS PACE 2
2025-09-18,Carlsbad Mountain Bike,Bike,5.59,1:14:56,"19'18""/mi",145,,1099,1115,864,138,,,COROS PACE 2
2025-09-17,Pool Swim,Swim,1.39,46:29,"2'29""/mi",104,,,,339,15,,,COROS PACE 2
2025-09-16,Strength,Strength,,38:19,,85,,,,155,,,1,COROS PACE 2
2025-09-16,Carlsbad Open Water,Swim,0.63,20:57,"3'12""/mi",100,,,,235,3,,,COROS PACE 2
2025-09-15,Carlsbad Open Water,Swim,0.12,04:15,"3'28""/mi",91,,,,45,,,,COROS PACE 2
2025-09-14,Indoor Bike,Bike,,40:06,,94,,,,220,1,,,COROS PACE 2
2025-09-13,Descanso Mountain Bike,Bike,24.96,4:03:00,"26'36""/mi",146,,3127,3136,2821,435,,,COROS PACE 2
2025-09-12,Carlsbad Mountain Bike,Bike,4.97,1:09:50,"18'25""/mi",151,,876,863,852,153,,,COROS PACE 2
2025-09-10,Indoor Bike,Bike,,1:36:36,,104,,,,599,23,,,COROS PACE 2
2025-09-09,Strength,Strength,,53:05,,91,,,,306,5,,1,COROS PACE 2
2025-09-08,Strength,Strength,,58:58,,74,,,,156,,,1,COROS PACE 2
2025-09-07,Carlsbad Mountain Bike,Bike,4.02,53:18,"20'52""/mi",139,,666,656,539,69,,,COROS PACE 2
2025-09-06,Escondido Mountain Bike,Bike,9.82,1:40:13,"25'22""/mi",152,,1526,1535,1236,205,,,COROS PACE 2
2025-09-05,San Clemente Mountain Bike,Bike,8.02,1:21:41,"25'53""/mi",138,,1135,1168,861,110,,,COROS PACE 2
2025-09-04,Oceanside Road Bike,Bike,15.44,1:05:18,"61'14""/mi",133,,279,289,657,68,,,COROS PACE 2
2025-09-03,Strength,Strength,,51:08,,99,,,,336,11,,1,COROS PACE 2
2025-08-31,Pauma Valley Mountain Bike,Bike,8.95,1:32:41,"25'01""/mi",142,,1680,1644,1031,142,,,COROS PACE 2
2025-08-30,Oceanside Road Bike,Bike,12.71,59:56,"54'55""/mi",118,,328,322,502,36,,,COROS PACE 2
2025-08-29,Carlsbad Mountain Bike,Bike,4.26,1:10:33,"16'18""/mi",147,,761,751,796,129,,,COROS PACE 2
2025-08-28,Strength,Strength,,50:38,,82,,,,235,1,,1,COROS PACE 2
2025-08-27,San Clemente Road Bike,Bike,4.35,1:02:09,"18'06""/mi",124,,758,778,564,53,,,COROS PACE 2
2025-08-26,Strength,Strength,,44:27,,86,,,,231,1,,1,COROS PACE 2
2025-08-24,Fallbrook Road Bike,Bike,5.73,1:21:04,"19'33""/mi",136,,620,554,791,96,,,COROS PACE 2
2025-08-23,Indoor Bike,Bike,,41:40,,94,,,,222,3,,,COROS PACE 2
2025-08-22,Strength,Strength,,57:19,,101,,,,389,17,,1,COROS PACE 2
2025-08-21,Oceanside Road Bike,Bike,15.58,1:11:25,"56'29""/mi",132,,384,374,715,74,,,COROS PACE 2
2025-08-20,Strength,Strength,,56:38,,99,,,,378,14,,1,COROS PACE 2
2025-08-19,Indoor Bike,Bike,,42:06,,97,,,,234,6,,,COROS PACE 2
2025-08-18,Indoor Bike,Bike,,31:55,,103,,,,209,7,,,COROS PACE 2
2025-08-18,Strength,Strength,,14:45,,77,,,,80,,,1,COROS PACE 2
2025-08-12,Indoor Bike,Bike,,48:06,,105,,,,275,11,,,COROS PACE 2
2025-08-11,Strength,Strength,,37:19,,88,,,,248,2,,6,COROS PACE 2
2025-08-09,Pool Swim,Swim,1.12,41:41,"3'38""/mi",84,,,,394,3,,,COROS PACE 2
2025-08-07,Indoor Bike,Bike,,31:01,,91,,,,153,1,,,COROS PACE 2
2025-08-05,Strength,Strength,,39:27,,103,,,,351,9,,9,COROS PACE 2
2025-08-04,Indoor Bike,Bike,,33:57,,97,,,,180,3,,,COROS PACE 2
2025-08-01,Strength,Strength,,45:22,,87,,,,292,2,,6,COROS PACE 2
2025-07-30,Indoor Bike,Bike,,30:08,,100,,,,188,5,,,COROS PACE 2
2025-07-28,Pool Swim,Swim,0.34,23:15,"6'18""/mi",110,,,,206,9,,,COROS PACE 2
2025-07-26,Beaver County Trail Run,Trail Run,15.61,4:59:11,"19'09""/mi",125,116,4728,4104,2746,320,30221,,COROS PACE 2
2025-07-24,Indoor Bike,Bike,,55:11,,109,,,,398,19,,,COROS PACE 2
2025-07-22,Indoor Bike,Bike,,30:02,,108,,,,216,11,,,COROS PACE 2
2025-07-21,Edwards Trail Run,Trail Run,2.45,39:58,"16'19""/mi",124,118,515,489,362,42,4689,,COROS PACE 2
2025-07-20,Indoor Bike,Bike,,30:04,,90,,,,152,,,,COROS PACE 2
2025-07-19,Gilman Hike,Hike,5.38,2:23:38,"9'42""/mi",112,96,1099,1093,1107,66,13238,,COROS PACE 2
2025-07-18,Gilman Hike,Hike,2.07,38:44,"13'50""/mi",133,105,545,571,390,40,4084,,COROS PACE 2
2025-07-18,Strength,Strength,,47:59,,102,,,,301,10,,8,COROS PACE 2
2025-07-17,Indoor Bike,Bike,,54:29,,107,,,,354,16,,,COROS PACE 2
2025-07-16,Indoor Bike,Bike,,56:06,,113,,,,437,26,,,COROS PACE 2
2025-07-15,Indoor Bike,Bike,,1:02:08,,108,,,,428,20,,,COROS PACE 2
2025-07-13,Edwards Road Bike,Bike,19.89,4:51:43,"17'38""/mi",145,,4039,3970,3362,473,,,COROS PACE 2
2025-07-12,Strength,Strength,,42:30,,72,,,,187,,,6,COROS PACE 2
2025-07-12,Indoor Bike,Bike,,01:31,,81,,,,5,,,,COROS PACE 2
2025-07-11,Edwards Trail Run,Trail Run,3.87,59:12,"15'18""/mi",130,125,906,896,581,71,7517,,COROS PACE 2
2025-07-10,Indoor Bike,Bike,,58:01,,109,,,,425,22,,,COROS PACE 2
2025-07-09,Edwards Run,Run,3.65,43:42,"11'57""/mi",140,152,213,207,517,56,6658,,COROS PACE 2
2025-07-07,Island County Walk,Walk,3.34,59:05,"17'42""/mi",98,111,226,203,355,8,6635,,COROS PACE 2
2025-07-06,Island County Walk,Walk,2.88,54:43,"18'58""/mi",96,112,203,177,316,10,6175,,COROS PACE 2
2025-07-03,Indoor Bike,Bike,,47:31,,107,,,,331,14,,,COROS PACE 2
2025-07-02,Indoor Bike,Bike,,50:57,,104,,,,334,13,,,COROS PACE 2
2025-06-30,Edwards Run,Run,3.05,37:30,"12'17""/mi",123,145,184,135,371,31,5442,,COROS PACE 2
2025-06-29,Edwards Run,Run,3.12,45:47,"14'40""/mi",108,129,164,246,370,29,5901,,COROS PACE 2
2025-06-28,Breckenridge Trail Run,Trail Run,17.45,4:45:21,"16'21""/mi",130,120,3389,3219,2793,332,31770,,COROS PACE 2
2025-06-28,Frisco Trail Run,Trail Run,11.29,3:28:53,"18'29""/mi",126,111,2920,3048,1934,261,19725,,COROS PACE 2
2025-06-27,Vail Trail Run,Trail Run,5.48,1:34:05,"17'09""/mi",142,115,1490,1476,1051,137,10735,,COROS PACE 2
2025-06-26,Edwards Trail Run,Trail Run,4.71,1:09:36,"14'47""/mi",139,128,948,935,755,74,8343,,COROS PACE 2
2025-06-26,Strength,Strength,,50:16,,94,,,,316,6,,5,COROS PACE 2
2025-06-25,Edwards Trail Run,Trail Run,5.91,1:18:22,"13'16""/mi",142,136,1371,1375,878,188,10792,,COROS PACE 2
2025-06-24,Strength,Strength,,51:08,,101,,,,349,11,,5,COROS PACE 2
2025-06-23,Edwards Trail Run,Trail Run,6.13,1:29:53,"14'40""/mi",136,125,1335,1306,947,131,11234,,COROS PACE 2
2025-06-22,Edwards Run,Run,4.67,56:26,"12'05""/mi",120,152,259,249,576,60,8671,,COROS PACE 2
2025-06-21,Gilman Trail Run,Trail Run,11.61,5:58:11,"30'51""/mi",133,89,5771,5722,3626,362,23746,,COROS PACE 2
2025-06-20,Edwards Trail Run,Trail Run,6.08,1:27:47,"14'26""/mi",143,125,1378,1358,992,151,10993,,COROS PACE 2
2025-06-19,Jefferson County Trail Run,Trail Run,5.48,1:20:49,"14'44""/mi",144,134,1211,1155,923,118,10611,,COROS PACE 2
2025-06-18,Edwards Run,Run,9.24,1:32:54,"9'28""/mi",156,161,463,479,1252,282,14218,,COROS PACE 2
2025-06-17,Strength,Strength,,51:48,,93,,,,359,4,,8,COROS PACE 2
2025-06-16,Edwards Trail Run,Trail Run,3.83,57:32,"15'00""/mi",128,126,935,922,546,71,7282,,COROS PACE 2
2025-06-14,Chicago Run,Run,5.05,52:11,"10'20""/mi",153,154,46,43,673,118,7935,,COROS PACE 2
2025-06-13,Edwards Run,Run,8.01,1:25:11,"10'38""/mi",145,156,384,394,1059,175,13426,,COROS PACE 2
2025-06-12,Vail Trail Run,Trail Run,7.36,2:14:41,"18'18""/mi",136,125,2559,2651,1406,234,12992,,COROS PACE 2
2025-06-11,Edwards Trail Run,Trail Run,6.01,1:31:07,"15'09""/mi",153,131,1345,1296,1137,146,11647,,COROS PACE 2
2025-06-10,Strength,Strength,,54:25,,84,,,,353,2,,5,COROS PACE 2
2025-06-09,Edwards Run,Run,5.29,59:45,"11'17""/mi",139,153,279,253,700,82,9147,,COROS PACE 2
2025-06-08,Vail Trail Run,Trail Run,2.47,37:28,"14'18""/mi",153,142,942,922,444,149,5000,,COROS PACE 2
2025-06-08,Vail Trail Run,Trail Run,1.37,16:08,"11'45""/mi",148,138,292,276,191,50,2246,,COROS PACE 2
2025-06-07,Edwards Trail Run,Trail Run,6.07,1:22:03,"13'30""/mi",131,132,1306,1289,809,131,10916,,COROS PACE 2
2025-06-06,Indoor Run,Run,3.44,1:13:01,"18'09""/mi",126,121,,,583,58,7554,,COROS PACE 2
2025-06-05,Indoor Run,Run,2.7,40:56,"15'11""/mi",121,147,,,357,27,6020,,COROS PACE 2
2025-06-04,Edwards Trail Run,Trail Run,3.85,55:45,"14'28""/mi",129,125,978,961,539,90,7011,,COROS PACE 2
2025-06-02,Edwards Run,Run,3.96,43:42,"11'02""/mi",146,156,180,259,522,81,6835,,COROS PACE 2
2025-06-01,Edwards Run,Run,4.9,57:06,"11'38""/mi",128,154,259,226,642,67,8871,,COROS PACE 2
2025-05-31,Edwards Trail Run,Trail Run,14.51,3:27:44,"14'18""/mi",139,127,2349,2257,2252,277,26215,,COROS PACE 2
2025-05-30,Edwards Trail Run,Trail Run,4.77,1:06:27,"13'55""/mi",141,129,925,925,734,87,8717,,COROS PACE 2
2025-05-30,Strength,Strength,,53:54,,90,,,,368,3,,8,COROS PACE 2
2025-05-29,Edwards Trail Run,Trail Run,6.06,1:25:20,"14'04""/mi",138,128,1289,1283,919,114,10912,,COROS PACE 2
2025-05-28,Edwards Track Run,Track Run,6.95,1:07:44,"9'43""/mi",154,158,,,952,193,10663,,COROS PACE 2
2025-05-27,Strength,Strength,,50:19,,103,,,,380,11,,7,COROS PACE 2
2025-05-26,Edwards Trail Run,Trail Run,4.52,1:19:32,"17'35""/mi",123,113,1371,991,709,89,9018,,COROS PACE 2
2025-05-25,Indoor Run,Run,4.96,1:17:08,"15'08""/mi",119,147,,,635,44,11101,,COROS PACE 2
2025-05-24,Gilman Trail Run,Trail Run,15.66,3:57:40,"15'10""/mi",142,122,3209,3150,2667,291,26421,,COROS PACE 2
2025-05-23,Strength,Strength,,35:59,,104,,,,281,13,,6,COROS PACE 2
2025-05-23,Gilman Run,Run,4.63,53:46,"11'36""/mi",148,149,427,394,634,102,8128,,COROS PACE 2
2025-05-22,Edwards Trail Run,Trail Run,4.3,1:00:47,"14'07""/mi",146,127,935,925,708,82,7861,,COROS PACE 2
2025-05-21,Edwards Run,Run,6.72,1:33:55,"13'57""/mi",136,128,902,971,956,214,11929,,COROS PACE 2
2025-05-20,Strength,Strength,,1:05:34,,87,,,,404,3,,10,COROS PACE 2
2025-05-19,Edwards Trail Run,Trail Run,3.84,54:37,"14'13""/mi",139,131,988,974,589,90,7269,,COROS PACE 2
2025-05-18,Indoor Run,Run,4.24,1:06:36,"14'13""/mi",120,154,,,515,36,9282,,COROS PACE 2
2025-05-17,Edwards Trail Run,Trail Run,13.99,3:24:38,"14'37""/mi",131,124,3156,3123,2014,307,23822,,COROS PACE 2
2025-05-16,Strength,Strength,,52:12,,86,,,,308,1,,8,COROS PACE 2
2025-05-16,Edwards Trail Run,Trail Run,4.51,1:02:45,"13'54""/mi",126,132,994,1001,584,76,8398,,COROS PACE 2
2025-05-15,Edwards Run,Run,8.62,1:27:47,"10'11""/mi",152,159,427,410,1074,210,14149,,COROS PACE 2
2025-05-14,Indoor Run,Run,4.62,1:08:48,"14'35""/mi",132,151,,,672,66,10140,,COROS PACE 2
2025-05-13,Strength,Strength,,52:06,,89,,,,326,3,,7,COROS PACE 2
2025-05-12,Edwards Trail Run,Trail Run,6.66,1:35:11,"14'17""/mi",147,130,1398,1362,1118,158,11195,,COROS PACE 2
2025-05-11,Edwards Trail Run,Trail Run,3.36,46:21,"13'46""/mi",142,132,712,912,516,69,6240,,COROS PACE 2
2025-05-09,Indoor Run,Run,2.66,39:34,"14'41""/mi",132,146,,,391,41,5669,,COROS PACE 2
2025-05-08,Indoor Run,Run,2.95,52:00,"16'13""/mi",107,140,,,339,17,6756,,COROS PACE 2
2025-05-07,Indoor Run,Run,4.2,1:03:29,"14'10""/mi",121,151,,,520,44,9055,,COROS PACE 2
2025-05-06,North Naples Run,Run,5.26,58:11,"11'04""/mi",149,153,56,43,718,107,9036,,COROS PACE 2
2025-05-05,Strength,Strength,,1:00:56,,90,,,,399,5,,11,COROS PACE 2
2025-05-04,Indoor Run,Run,2.06,37:40,"15'42""/mi",109,142,,,236,12,4573,,COROS PACE 2
2025-05-03,Tallahassee Run,Run,4.69,50:19,"10'43""/mi",141,154,121,131,587,94,7801,,COROS PACE 2
2025-05-03,Indoor Run,Run,0.31,07:29,"21'11""/mi",88,119,,,31,,796,,COROS PACE 2
2025-05-01,Edwards Trail Run,Trail Run,6.13,1:25:19,"13'55""/mi",130,130,1329,1335,829,132,11269,,COROS PACE 2
2025-04-30,Edwards Track Run,Track Run,4.63,58:26,"12'37""/mi",136,134,,3,583,166,7725,,COROS PACE 2
2025-04-29,Strength,Strength,,57:21,,103,,,,450,17,,14,COROS PACE 2
2025-04-28,Indoor Run,Run,3.93,1:05:48,"16'32""/mi",110,136,,,482,28,8768,,COROS PACE 2
2025-04-27,Edwards Trail Run,Trail Run,11.98,3:03:01,"15'04""/mi",130,126,2589,2503,1760,202,21117,,COROS PACE 2
2025-04-26,Palisade Trail Run,Trail Run,3.05,49:52,"16'03""/mi",149,129,682,676,585,78,6264,,COROS PACE 2
2025-04-25,Boulder City Trail Run,Trail Run,4.13,1:02:05,"15'01""/mi",140,128,853,833,679,110,7880,,COROS PACE 2
2025-04-24,Strength,Strength,,52:29,,99,,,,415,13,,9,COROS PACE 2
2025-04-23,Las Vegas Trail Run,Trail Run,3.23,58:40,"18'10""/mi",130,118,784,768,573,82,6851,,COROS PACE 2
2025-04-22,Henderson Run,Run,5.99,1:06:48,"11'09""/mi",135,153,512,535,759,136,10339,,COROS PACE 2
2025-04-21,Las Vegas Run,Run,4.72,57:30,"12'10""/mi",132,147,243,223,624,81,8505,,COROS PACE 2
2025-04-20,Moapa Valley Trail Run,Trail Run,7.01,1:51:50,"15'57""/mi",134,122,1440,1427,1148,141,13665,,COROS PACE 2
2025-04-18,Indoor Run,Run,2.07,30:17,"14'36""/mi",132,151,,,302,28,4567,,COROS PACE 2
2025-04-18,Strength,Strength,,41:59,,94,,,,350,4,,8,COROS PACE 2
2025-04-17,Edwards Trail Run,Trail Run,3.97,52:53,"13'18""/mi",143,135,909,883,601,111,7239,,COROS PACE 2
2025-04-16,Edwards Run,Run,4.87,57:25,"11'47""/mi",151,143,243,203,636,173,8154,,COROS PACE 2
2025-04-15,Edwards Trail Run,Trail Run,3.84,54:31,"14'12""/mi",125,127,994,968,501,92,7033,,COROS PACE 2
2025-04-14,Strength,Strength,,45:21,,95,,,,347,6,,12,COROS PACE 2
2025-04-13,Indoor Run,Run,3.14,48:14,"15'21""/mi",128,146,,,461,41,7029,,COROS PACE 2
2025-04-12,Summit County Skimo,Skimo,4.24,3:23:00,"39'49""/mi",114,,2290,2398,1330,92,,,COROS PACE 2
2025-04-11,Silverthorne Skimo,Skimo,2.74,3:00:52,"65'58""/mi",129,,2854,443,1745,185,,,COROS PACE 2
2025-04-10,Edwards Run,Run,4.01,47:52,"11'56""/mi",139,141,266,256,513,76,6793,,COROS PACE 2
2025-04-09,Edwards Trail Run,Trail Run,4.32,59:07,"13'40""/mi",148,131,978,978,702,106,7862,,COROS PACE 2
2025-04-08,Strength,Strength,,55:29,,98,,,,386,13,,5,COROS PACE 2
2025-04-07,Edwards Run,Run,4.04,42:42,"10'11""/mi",144,157,246,233,515,102,6467,,COROS PACE 2
2025-04-06,Edwards Trail Run,Trail Run,2.45,39:10,"15'59""/mi",134,123,554,531,402,44,4929,,COROS PACE 2
2025-04-06,Vail Skimo,Skimo,5.16,2:31:14,"29'19""/mi",135,,1713,1726,1571,179,,,COROS PACE 2
2025-04-05,Strength,Strength,,59:42,,115,,,,529,36,,9,COROS PACE 2
2025-04-04,Indoor Run,Run,4.03,1:02:17,"15'23""/mi",126,146,,,577,48,9243,,COROS PACE 2
2025-04-03,Edwards Trail Run,Trail Run,4.27,1:01:20,"14'21""/mi",144,126,981,997,702,93,7834,,COROS PACE 2
2025-04-02,Indoor Run,Run,2.59,41:31,"15'31""/mi",125,145,,,371,30,5970,,COROS PACE 2
2025-04-01,Strength,Strength,,52:20,,95,,,,341,7,,5,COROS PACE 2
2025-03-31,Edwards Trail Run,Trail Run,3.83,54:58,"14'20""/mi",132,127,997,965,551,84,7144,,COROS PACE 2
2025-03-28,Indoor Run,Run,1.61,27:16,"16'11""/mi",115,141,,,207,13,3664,,COROS PACE 2
2025-03-27,Indoor Bike,Bike,,30:04,,107,,,,211,9,,,COROS PACE 2
2025-03-26,Indoor Bike,Bike,,40:29,,112,,,,307,17,,,COROS PACE 2
2025-03-25,Edwards Run,Run,3.17,37:38,"11'52""/mi",138,150,207,187,405,57,5668,,COROS PACE 2
2025-03-23,Indoor Bike,Bike,,1:00:35,,117,,,,498,33,,,COROS PACE 2
2025-03-21,Strength,Strength,,48:31,,84,,,,273,2,,6,COROS PACE 2
2025-03-20,Strength,Strength,,12:50,,92,,,,147,1,,4,COROS PACE 2
2025-03-20,Indoor Bike,Bike,,1:01:17,,113,,,,471,26,,,COROS PACE 2
2025-03-19,Gilman Skimo,Skimo,3.11,57:49,"18'33""/mi",139,,1280,1312,624,75,,,COROS PACE 2
2025-03-18,Indoor Bike,Bike,,1:02:08,,108,,,,430,20,,,COROS PACE 2
2025-03-17,Strength,Strength,,1:25:42,,80,,,,441,1,,8,COROS PACE 2
2025-03-16,Vail Skimo,Skimo,4.08,2:56:23,"43'12""/mi",112,,1394,1467,1347,83,,,COROS PACE 2
2025-03-14,Strength,Strength,,53:15,,118,,,,448,35,,6,COROS PACE 2
2025-03-13,Indoor Bike,Bike,,1:00:33,,112,,,,387,22,,,COROS PACE 2
2025-03-12,Indoor Run,Run,1.91,34:42,"18'09""/mi",127,123,,,323,27,4191,,COROS PACE 2
2025-03-11,Edwards Run,Run,5.67,1:01:42,"10'27""/mi",144,156,315,299,717,129,9266,,COROS PACE 2
2025-03-10,Strength,Strength,,54:45,,89,,,,297,2,,1,COROS PACE 2
2025-03-09,Strength,Strength,,1:01:50,,71,,,,101,,,1,COROS PACE 2
2025-03-09,Indoor Run,Run,2.95,1:22:08,"18'28""/mi",101,125,,,343,14,6891,,COROS PACE 2
2025-03-08,Edwards Skimo,Skimo,17.52,7:44:04,"26'30""/mi",126,,7290,6670,4317,411,,,COROS PACE 2
2025-03-07,Strength,Strength,,58:21,,87,,,,355,2,,11,COROS PACE 2
2025-03-06,Edwards Skimo,Skimo,5.38,1:26:37,"16'05""/mi",130,,2133,2169,843,91,,,COROS PACE 2
2025-03-05,Strength,Strength,,1:01:32,,98,,,,430,18,,5,COROS PACE 2
2025-03-04,Indoor Run,Run,5.96,1:32:14,"15'09""/mi",126,147,,,835,71,13333,,COROS PACE 2
2025-03-03,Strength,Strength,,50:04,,94,,,,320,8,,6,COROS PACE 2
2025-03-02,Buena Vista Trail Run,Trail Run,3.81,1:09:24,"18'14""/mi",116,118,522,482,559,51,7878,,COROS PACE 2
2025-03-01,Strength,Strength,,45:33,,97,,,,318,6,,11,COROS PACE 2
2025-02-28,Edwards Run,Run,5.57,59:48,"10'38""/mi",145,155,318,289,716,133,9208,,COROS PACE 2
2025-02-27,Edwards Trail Run,Trail Run,3.53,59:56,"16'58""/mi",126,119,906,850,557,65,7163,,COROS PACE 2
2025-02-25,Indoor Run,Run,3.9,1:03:19,"15'39""/mi",113,144,,,476,28,8851,,COROS PACE 2
2025-02-24,Strength,Strength,,48:36,,87,,,,282,2,,4,COROS PACE 2
2025-02-23,Vail Skimo,Skimo,1.99,1:24:24,"42'27""/mi",120,,912,856,724,57,,,COROS PACE 2
2025-02-22,Gunnison County Skimo,Skimo,1.1,21:53,"19'50""/mi",130,,39,62,212,20,,,COROS PACE 2
2025-02-22,Crested Butte Skimo,Skimo,22.38,7:14:13,"19'23""/mi",144,,5348,5262,4951,658,,,COROS PACE 2
2025-02-21,Indoor Run,Run,3.95,1:06:57,"16'32""/mi",115,136,,,521,33,9024,,COROS PACE 2
2025-02-19,Strength,Strength,,1:10:17,,132,,,,748,105,,8,COROS PACE 2
2025-02-18,Indoor Run,Run,2.34,38:52,"16'18""/mi",120,140,,,328,24,5311,,COROS PACE 2
2025-02-18,Beaver Creek Skimo,Skimo,5.54,1:30:23,"16'18""/mi",147,,2057,2100,1057,155,,,COROS PACE 2
2025-02-17,Strength,Strength,,56:38,,101,,,,427,13,,18,COROS PACE 2
2025-02-16,Vail Skimo,Skimo,1.7,54:38,"32'12""/mi",129,,892,833,523,51,,,COROS PACE 2
2025-02-15,Lake County Skimo,Skimo,7.06,3:40:11,"31'11""/mi",124,,3002,3025,1991,176,,,COROS PACE 2
2025-02-14,Indoor Run,Run,3.73,59:21,"15'10""/mi",120,148,,,483,34,8647,,COROS PACE 2
2025-02-13,Indoor Run,Run,5.37,1:24:18,"15'07""/mi",119,148,,,682,49,12311,,COROS PACE 2
2025-02-12,Strength,Strength,,31:06,,81,,,,204,,,8,COROS PACE 2
2025-02-11,Beaver Creek Skimo,Skimo,5.51,1:26:08,"15'38""/mi",130,,2093,2087,839,84,,,COROS PACE 2
2025-02-09,Vail Skimo,Skimo,15.78,5:24:44,"20'34""/mi",135,,2936,5381,3347,358,,,COROS PACE 2
2025-02-08,Indoor Run,Run,4.08,1:03:56,"15'02""/mi",119,148,,,518,36,9146,,COROS PACE 2
2025-02-07,Strength,Strength,,53:28,,98,,,,450,11,,9,COROS PACE 2
2025-02-06,Edwards Run,Run,8.89,1:34:21,"10'25""/mi",147,157,486,423,1143,228,14548,,COROS PACE 2
2025-02-05,Strength,Strength,,1:16:13,,129,,,,728,95,,6,COROS PACE 2
2025-02-04,Beaver Creek Skimo,Skimo,5.56,1:24:34,"15'12""/mi",140,,1995,1988,920,116,,,COROS PACE 2
2025-02-03,Strength,Strength,,49:48,,83,,,,248,,,9,COROS PACE 2
2025-02-02,Eagle County Skimo,Skimo,9.73,4:04:45,"25'07""/mi",127,,2300,2602,2296,221,,,COROS PACE 2
2025-02-01,Indoor Run,Run,4.39,1:13:20,"14'06""/mi",133,153,,,625,65,9545,,COROS PACE 2
2025-01-31,Strength,Strength,,41:27,,90,,,,289,4,,8,COROS PACE 2
2025-01-30,Strength,Strength,,19:11,,95,,,,110,2,,5,COROS PACE 2
2025-01-30,Indoor Run,Run,4.62,1:10:22,"15'00""/mi",137,147,,,735,82,10232,,COROS PACE 2
2025-01-29,Edwards Trail Run,Trail Run,3.62,57:07,"15'45""/mi",142,122,902,866,636,71,6976,,COROS PACE 2
2025-01-28,Vail Skimo,Skimo,1.61,45:30,"28'09""/mi",133,,823,807,457,46,,,COROS PACE 2
2025-01-27,Strength,Strength,,50:52,,94,,,,317,5,,5,COROS PACE 2
2025-01-26,Strength,Strength,,1:18:56,,107,,,,685,27,,13,COROS PACE 2
2025-01-25,Gilman Skimo,Skimo,4.11,1:21:58,"19'55""/mi",121,,1693,1699,710,54,,,COROS PACE 2
2025-01-24,Edwards Skimo,Skimo,9.66,2:55:52,"18'11""/mi",132,,3675,3625,1748,178,,,COROS PACE 2
2025-01-23,Indoor Run,Run,4.93,1:46:40,"21'10""/mi",115,108,,,834,58,11400,,COROS PACE 2
2025-01-22,Strength,Strength,,1:04:09,,135,,,,705,95,,8,COROS PACE 2
2025-01-21,Beaver Creek Skimo,Skimo,4.45,1:18:15,"17'35""/mi",138,,2133,1496,836,103,,,COROS PACE 2
2025-01-20,Strength,Strength,,42:13,,87,,,,310,3,,12,COROS PACE 2
2025-01-19,Vail Skimo,Skimo,1.64,57:22,"34'55""/mi",137,,909,879,607,69,,,COROS PACE 2
2025-01-18,Indoor Run,Run,2.67,36:02,"13'31""/mi",142,158,,,399,47,5703,,COROS PACE 2
2025-01-18,Edwards Run,Run,9.02,1:39:56,"10'49""/mi",147,157,535,371,1157,210,15367,,COROS PACE 2
2025-01-17,Strength,Strength,,1:02:19,,90,,,,393,4,,10,COROS PACE 2
2025-01-16,Beaver Creek Skimo,Skimo,5.0,1:39:28,"19'54""/mi",131,,2159,2411,986,123,,,COROS PACE 2
2025-01-15,Edwards Run,Run,5.87,1:01:04,"10'24""/mi",145,158,341,335,748,135,9671,,COROS PACE 2
2025-01-14,Edwards Skimo,Skimo,4.74,1:26:57,"18'19""/mi",147,,2238,2280,1018,149,,,COROS PACE 2
2025-01-13,Strength,Strength,,1:00:22,,91,,,,436,6,,13,COROS PACE 2
2025-01-12,Gilman Skimo,Skimo,6.59,2:25:29,"22'04""/mi",130,,3002,2943,1413,143,,,COROS PACE 2
2025-01-11,Indoor Run,Run,4.97,1:15:08,"14'19""/mi",131,152,,,700,63,10928,,COROS PACE 2
2025-01-10,Strength,Strength,,1:00:54,,95,,,,372,7,,6,COROS PACE 2
2025-01-09,Edwards Skimo,Skimo,5.06,1:15:27,"14'54""/mi",159,,2159,2195,994,206,,,COROS PACE 2
2025-01-09,Indoor Run,Run,2.66,42:05,"15'49""/mi",122,141,,,370,27,5852,,COROS PACE 2
2025-01-08,Strength,Strength,,1:00:03,,121,,,,545,46,,3,COROS PACE 2
2025-01-07,Indoor Run,Run,3.23,1:27:03,"25'33""/mi",106,87,,,559,39,7239,,COROS PACE 2
2025-01-04,Markesan Run,Run,4.01,42:29,"10'35""/mi",142,162,322,289,520,97,6922,,COROS PACE 2
2025-01-03,Strength,Strength,,1:02:20,,136,,,,572,99,,2,COROS PACE 2
2025-01-02,Indoor Run,Run,4.57,1:17:39,"15'22""/mi",116,146,,,567,35,10389,,COROS PACE 2
2025-01-01,Frisco Skimo,Skimo,7.02,4:26:44,"38'00""/mi",134,,2959,3018,2729,308,,,COROS PACE 2
2024-12-31,Indoor Run,Run,4.21,1:02:13,"14'43""/mi",131,151,,,609,55,9522,,COROS PACE 2
2024-12-30,Edwards Skimo,Skimo,3.68,1:10:32,"19'10""/mi",120,,1719,1742,607,50,,,COROS PACE 2
2024-12-30,Strength,Strength,,58:05,,106,,,,448,18,,8,COROS PACE 2
2024-12-28,Clark County Trail Run,Trail Run,1.68,56:34,"33'41""/mi",110,82,646,630,418,37,4041,,COROS PACE 2
2024-12-27,Moapa Valley Trail Run,Trail Run,6.91,2:09:46,"18'46""/mi",119,108,1644,1591,1097,147,13780,,COROS PACE 2
2024-12-26,Clark County Run,Run,5.07,2:07:32,"25'10""/mi",126,97,1503,1457,814,203,11469,,COROS PACE 2
2024-12-25,Henderson Run,Run,3.93,53:32,"13'37""/mi",150,136,843,830,548,163,7205,,COROS PACE 2
2024-12-23,Las Vegas Run,Run,4.88,56:26,"11'33""/mi",120,154,230,217,554,52,8713,,COROS PACE 2
2024-12-22,Bryce Canyon National Park Trail Run,Trail Run,8.01,1:55:35,"14'25""/mi",132,125,1673,1677,1069,175,14368,,COROS PACE 2
2024-12-21,Strength,Strength,,44:00,,83,,,,240,1,,6,COROS PACE 2
2024-12-20,Indoor Run,Run,4.23,1:01:48,"14'16""/mi",119,153,,,470,35,9281,,COROS PACE 2
2024-12-19,Edwards Skimo,Skimo,4.47,1:08:41,"15'20""/mi",127,,1414,2021,598,52,,,COROS PACE 2
2024-12-19,Edwards Skimo,Skimo,3.67,1:07:17,"18'19""/mi",146,,1709,1729,736,105,,,COROS PACE 2
2024-12-18,Strength,Strength,,1:06:15,,144,,,,696,125,,2,COROS PACE 2
2024-12-17,Beaver Creek Skimo,Skimo,4.24,1:31:07,"21'30""/mi",134,,1867,1332,866,95,,,COROS PACE 2
2024-12-16,Strength,Strength,,57:43,,103,,,,366,10,,6,COROS PACE 2
2024-12-15,Edwards Run,Run,5.06,55:56,"11'03""/mi",152,159,282,259,654,104,8920,,COROS PACE 2
2024-12-14,Edwards Run,Run,4.01,43:52,"10'56""/mi",151,158,253,243,514,82,6975,,COROS PACE 2
2024-12-13,Strength,Strength,,1:01:23,,103,,,,475,16,,9,COROS PACE 2
2024-12-11,Strength,Strength,,1:12:46,,139,,,,521,73,,2,COROS PACE 2
2024-12-10,Indoor Run,Run,3.39,54:00,"13'49""/mi",127,155,,,406,32,7351,,COROS PACE 2
2024-12-05,Strength,Strength,,1:03:47,,146,,,,741,124,,2,COROS PACE 2
2024-12-04,Vail GPS Cardio,GPS Cardio,2.49,1:09:31,"9'16""/mi",120,103,1102,1122,549,39,4734,,COROS PACE 2
2024-12-03,Indoor Run,Run,3.74,51:14,"12'03""/mi",130,149,,,408,37,6747,,COROS PACE 2
2024-12-02,Strength,Strength,,59:46,,99,,,,310,6,,5,COROS PACE 2
2024-12-01,Cook County Run,Run,2.02,22:30,"11'09""/mi",126,161,26,16,225,17,3621,,COROS PACE 2
2024-11-30,Cook County Run,Run,6.03,1:08:06,"11'17""/mi",135,160,82,79,776,100,11001,,COROS PACE 2
2024-11-29,Cook County Run,Run,8.44,1:30:14,"10'06""/mi",147,161,125,102,1100,191,13840,,COROS PACE 2
2024-11-26,Edwards GPS Cardio,GPS Cardio,3.21,1:14:52,"11'06""/mi",155,101,1706,1709,891,149,6783,,COROS PACE 2
2024-11-26,Strength,Strength,,57:09,,97,,,,342,10,,5,COROS PACE 2
2024-11-25,Gilman GPS Cardio,GPS Cardio,2.77,1:04:24,"11'09""/mi",139,110,1096,1102,649,72,5873,,COROS PACE 2
2024-11-24,Edwards Run,Run,4.09,49:12,"12'02""/mi",124,156,272,266,517,55,7744,,COROS PACE 2
2024-11-23,Edwards Trail Run,Trail Run,8.91,2:11:45,"14'47""/mi",145,123,1985,1896,1415,167,16145,,COROS PACE 2
2024-11-22,Strength,Strength,,54:53,,96,,,,392,7,,9,COROS PACE 2
2024-11-21,Edwards Trail Run,Trail Run,3.83,1:05:46,"17'09""/mi",136,115,971,968,640,65,7793,,COROS PACE 2
2024-11-20,Strength,Strength,,46:21,,109,,,,338,20,,5,COROS PACE 2
2024-11-20,Indoor Run,Run,3.04,32:06,"10'19""/mi",145,161,,,339,48,5071,,COROS PACE 2
2024-11-19,Edwards Run,Run,5.19,58:37,"11'18""/mi",143,159,279,312,677,103,9360,,COROS PACE 2
2024-11-18,Strength,Strength,,55:17,,125,,,,510,42,,2,COROS PACE 2
2024-11-17,Strength,Strength,,54:29,,87,,,,283,,,5,COROS PACE 2
2024-11-16,Las Vegas Run,Run,4.0,49:14,"12'18""/mi",129,152,220,246,502,56,7501,,COROS PACE 2
2024-11-15,Boulder City Trail Run,Trail Run,6.0,1:47:37,"17'56""/mi",143,117,1572,1827,1135,186,12257,,COROS PACE 2
2024-11-15,Boulder City Run,Run,0.89,17:20,"19'25""/mi",144,107,246,39,120,35,1829,,COROS PACE 2
2024-11-14,Henderson Run,Run,5.89,1:05:26,"11'06""/mi",148,154,456,433,784,149,10167,,COROS PACE 2
2024-11-13,Strength,Strength,,49:29,,102,,,,334,10,,2,COROS PACE 2
2024-11-11,Edwards Trail Run,Trail Run,3.81,58:32,"15'22""/mi",135,123,984,961,560,74,7382,,COROS PACE 2
2024-11-10,Strength,Strength,,23:22,,83,,,,128,,,5,COROS PACE 2
2024-11-10,Edwards Run,Run,3.99,42:17,"10'36""/mi",147,160,256,246,526,92,6789,,COROS PACE 2
2024-11-09,Lake County Trail Run,Trail Run,4.93,1:53:14,"22'57""/mi",147,95,1512,1713,1251,104,9109,,COROS PACE 2
2024-11-08,Edwards Run,Run,4.29,1:01:34,"14'21""/mi",139,125,965,948,538,133,7902,,COROS PACE 2
2024-11-07,Strength,Strength,,52:22,,114,,,,422,25,,4,COROS PACE 2
2024-11-06,Edwards Run,Run,4.02,44:24,"11'02""/mi",146,157,259,259,525,84,6997,,COROS PACE 2
2024-11-05,Strength,Strength,,36:50,,108,,,,267,12,,5,COROS PACE 2
2024-11-05,Indoor Run,Run,2.95,34:33,"11'42""/mi",131,151,,,316,30,5224,,COROS PACE 2
2024-11-04,Strength,Strength,,32:21,,98,,,,248,1,,4,COROS PACE 2
2024-11-04,Indoor Run,Run,2.9,33:50,"11'31""/mi",140,151,,,342,39,5060,,COROS PACE 2
2024-11-02,Edwards Run,Run,3.82,1:02:47,"16'26""/mi",142,122,971,942,566,120,7733,,COROS PACE 2
2024-11-01,Edwards Run,Run,3.77,55:59,"14'50""/mi",146,124,945,919,488,151,7005,,COROS PACE 2
2024-10-31,Strength,Strength,,51:23,,104,,,,377,15,,6,COROS PACE 2
2024-10-30,Pool Swim,Swim,1.25,52:15,"4'03""/mi",119,,,,489,27,,,COROS PACE 2
2024-10-29,Strength,Strength,,28:58,,117,,,,295,14,,5,COROS PACE 2
2024-10-29,Indoor Run,Run,3.0,39:12,"13'05""/mi",139,133,,,394,45,5190,,COROS PACE 2
2024-10-28,Strength,Strength,,47:20,,81,,,,261,1,,7,COROS PACE 2
2024-10-27,Indoor Bike,Bike,,45:04,,114,,,,319,18,,,COROS PACE 2
2024-10-26,Solana Beach Run,Run,3.01,34:39,"11'30""/mi",135,150,72,66,389,48,5184,,COROS PACE 2
2024-10-25,Solana Beach Run,Run,3.01,36:20,"12'02""/mi",126,146,72,69,406,49,5241,,COROS PACE 2
2024-10-23,Eagle County Hike,Hike,8.04,4:16:12,"8'07""/mi",99,69,1165,1125,1358,44,17503,,COROS PACE 2
2024-10-21,Strength,Strength,,57:11,,99,,,,545,19,,12,COROS PACE 2
2024-10-20,Indoor Bike,Bike,,56:44,,117,,,,417,25,,,COROS PACE 2
2024-10-19,Indoor Bike,Bike,,1:32:57,,109,,,,579,26,,,COROS PACE 2
2024-10-18,Strength,Strength,,52:21,,90,,,,353,1,,9,COROS PACE 2
2024-10-17,Strength,Strength,,48:14,,90,,,,123,2,,5,COROS PACE 2
2024-10-17,Indoor Bike,Bike,,57:38,,122,,,,460,34,,,COROS PACE 2
2024-10-16,Pool Swim,Swim,1.28,58:28,"4'31""/mi",123,,,,559,38,,,COROS PACE 2
2024-10-15,Strength,Strength,,1:00:26,,93,,,,347,6,,8,COROS PACE 2
2024-10-14,Strength,Strength,,55:42,,96,,,,361,9,,15,COROS PACE 2
2024-10-13,Gilman Hike,Hike,3.01,1:22:13,"9'29""/mi",115,87,919,928,585,48,6963,,COROS PACE 2
2024-10-12,Indoor Bike,Bike,,1:00:04,,101,,,,333,7,,,COROS PACE 2
2024-10-11,Strength,Strength,,1:00:03,,105,,,,457,21,,8,COROS PACE 2
2024-10-09,Strength,Strength,,52:05,,98,,,,351,13,,7,COROS PACE 2
2024-10-08,Strength,Strength,,51:01,,86,,,,234,2,,5,COROS PACE 2
2024-10-07,Pool Swim,Swim,0.68,36:23,"2'48""/mi",113,,,,186,16,,,COROS PACE 2
2024-10-06,Indoor Bike,Bike,,54:32,,90,,,,223,,,,COROS PACE 2
2024-10-05,Basalt Run,Run,7.51,3:12:29,"25'37""/mi",138,100,2690,2677,1006,395,15626,,COROS PACE 2
2024-10-04,Strength,Strength,,51:48,,97,,,,324,16,,5,COROS PACE 2
2024-10-03,Strength,Strength,,51:04,,116,,,,452,25,,7,COROS PACE 2
2024-10-03,Indoor Bike,Bike,,1:00:04,,114,,,,424,27,,,COROS PACE 2
2024-10-02,Indoor Bike,Bike,,1:25:36,,122,,,,475,34,,,COROS PACE 2
2024-10-01,Strength,Strength,,24:45,,96,,,,149,3,,7,COROS PACE 2
2024-10-01,Vail Run,Run,1.73,38:01,"22'02""/mi",132,102,846,817,208,141,3301,,COROS PACE 2
2024-09-30,Strength,Strength,,49:36,,97,,,,310,9,,2,COROS PACE 2
2024-09-29,Indoor Bike,Bike,,1:35:00,,103,,,,430,17,,,COROS PACE 2
2024-09-28,Strength,Strength,,39:05,,109,,,,283,12,,5,COROS PACE 2
2024-09-27,Indoor Bike,Bike,,1:01:35,,122,,,,475,34,,,COROS PACE 2
2024-09-26,Strength,Strength,,56:08,,114,,,,402,23,,9,COROS PACE 2
2024-09-26,Edwards Run,Run,4.14,44:37,"10'47""/mi",152,157,243,240,514,90,7030,,COROS PACE 2
2024-09-24,Strength,Strength,,53:02,,110,,,,393,14,,10,COROS PACE 2
2024-09-23,Edwards Run,Run,2.44,35:57,"14'44""/mi",132,127,492,479,325,59,4596,,COROS PACE 2
2024-09-21,Chicago Run,Run,4.08,45:31,"11'08""/mi",150,151,16,26,561,79,6819,,COROS PACE 2
2024-09-20,Wilmette Run,Run,0.92,10:44,"11'41""/mi",152,147,7,10,116,15,1577,,COROS PACE 2
2024-09-20,Strength,Strength,,41:38,,121,,,,401,43,,9,COROS PACE 2
2024-09-20,Cook County Run,Run,1.05,13:16,"12'36""/mi",121,134,23,10,115,9,1783,,COROS PACE 2
2024-09-18,Edwards Run,Run,3.8,57:19,"15'04""/mi",144,126,915,912,460,133,7247,,COROS PACE 2
2024-09-17,Strength,Strength,,1:00:35,,103,,,,382,13,,5,COROS PACE 2
2024-09-16,Strength,Strength,,55:56,,96,,,,341,9,,6,COROS PACE 2
2024-09-14,Eagle County Hike,Hike,12.28,5:38:19,"9'24""/mi",127,88,3786,3858,2908,300,23718,,COROS PACE 2
2024-09-13,Silverthorne Hike,Hike,5.81,3:36:37,"6'56""/mi",108,73,2077,351,1382,72,11438,,COROS PACE 2
2024-09-12,Strength,Strength,,50:46,,101,,,,315,12,,6,COROS PACE 2
2024-09-11,Strength,Strength,,1:08:58,,100,,,,434,12,,6,COROS PACE 2
2024-09-10,Indoor Bike,Bike,,1:00:42,,120,,,,467,31,,,COROS PACE 2
2024-09-09,Strength,Strength,,56:27,,95,,,,346,9,,7,COROS PACE 2
2024-09-08,Vail Hike,Hike,5.23,2:14:35,"10'03""/mi",112,97,1407,1394,924,56,12700,,COROS PACE 2
2024-09-07,Vail Run,Run,6.95,2:03:41,"17'47""/mi",134,111,1952,1873,846,225,13841,,COROS PACE 2
2024-09-06,Strength,Strength,,38:55,,99,,,,261,3,,9,COROS PACE 2
2024-09-04,Strength,Strength,,46:08,,89,,,,257,2,,3,COROS PACE 2
2024-09-03,Indoor Bike,Bike,,56:27,,100,,,,304,3,,,COROS PACE 2
2024-09-02,Strength,Strength,,57:32,,92,,,,447,7,,16,COROS PACE 2
2024-09-01,Edwards Run,Run,3.78,1:03:59,"16'55""/mi",133,121,889,866,539,88,7755,,COROS PACE 2
2024-08-31,Strength,Strength,,1:00:18,,89,,,,306,2,,5,COROS PACE 2
2024-08-30,Pool Swim,Swim,0.48,29:44,"5'49""/mi",112,,,,270,12,,,COROS PACE 2
2024-08-29,Strength,Strength,,39:41,,81,,,,198,1,,6,COROS PACE 2
2024-08-27,Strength,Strength,,47:33,,87,,,,212,2,,1,COROS PACE 2
2024-08-24,Moab Run,Run,50.44,13:44:13,"16'20""/mi",140,127,10958,10938,6453,1887,94365,,COROS PACE 2
2024-08-23,Edwards Run,Run,2.16,24:13,"11'13""/mi",139,154,105,95,275,47,3678,,COROS PACE 2
2024-08-21,Edwards Run,Run,2.42,34:16,"13'47""/mi",122,128,486,476,255,59,4291,,COROS PACE 2
2024-08-20,Edwards Run,Run,3.01,32:26,"10'46""/mi",140,158,154,144,376,45,5121,,COROS PACE 2
2024-08-18,Edwards Run,Run,4.03,44:10,"10'57""/mi",136,158,223,246,495,63,6965,,COROS PACE 2
2024-08-16,Edwards Run,Run,2.54,33:57,"13'22""/mi",123,133,492,531,278,63,4600,,COROS PACE 2
2024-08-14,Edwards Run,Run,4.01,43:49,"10'56""/mi",136,160,217,226,497,54,7017,,COROS PACE 2
2024-08-13,Edwards Run,Run,4.01,45:26,"11'20""/mi",133,154,217,220,488,48,6995,,COROS PACE 2
2024-08-12,Strength,Strength,,53:58,,91,,,,410,4,,7,COROS PACE 2
2024-08-11,Vail Run,Run,12.78,3:38:32,"17'06""/mi",138,124,3107,2746,1682,517,23144,,COROS PACE 2
2024-08-10,Edwards Run,Run,6.56,1:28:38,"13'30""/mi",139,134,1158,1096,871,195,11699,,COROS PACE 2
2024-08-09,Edwards Run,Run,5.97,58:52,"9'51""/mi",148,161,312,305,749,118,9523,,COROS PACE 2
2024-08-08,Edwards Run,Run,2.97,38:41,"13'01""/mi",133,131,420,509,384,65,5051,,COROS PACE 2
2024-08-07,Edwards Run,Run,4.35,50:00,"11'28""/mi",136,155,200,213,552,57,7793,,COROS PACE 2
2024-08-06,Edwards Run,Run,4.97,56:23,"11'20""/mi",138,155,240,226,642,62,8797,,COROS PACE 2
2024-08-04,Gilman Run,Run,13.67,6:26:05,"28'14""/mi",135,99,5194,5171,2081,648,35464,,COROS PACE 2
2024-08-03,Edwards Run,Run,6.01,1:06:04,"10'59""/mi",139,158,322,299,759,78,10474,,COROS PACE 2
2024-08-02,Vail Run,Run,6.29,1:50:11,"17'31""/mi",140,123,1864,1831,864,353,11118,,COROS PACE 2
2024-08-01,Beaver Creek Run,Run,4.07,1:04:37,"15'51""/mi",143,120,1073,1033,605,135,7746,,COROS PACE 2
2024-07-31,Edwards Run,Run,4.27,55:50,"13'03""/mi",159,138,860,856,667,186,7799,,COROS PACE 2
2024-07-30,Edwards Run,Run,6.77,1:28:03,"13'00""/mi",144,135,1096,1175,914,198,12030,,COROS PACE 2
2024-07-29,Strength,Strength,,53:09,,82,,,,238,1,,4,COROS PACE 2
2024-07-28,Edwards Run,Run,5.78,1:04:12,"11'06""/mi",135,158,272,318,713,73,10136,,COROS PACE 2
2024-07-27,Edwards Run,Run,6.28,1:42:51,"16'23""/mi",136,118,1325,1286,830,179,11131,,COROS PACE 2
2024-07-27,Edwards Run,Run,9.76,2:59:47,"18'25""/mi",129,108,2090,2116,1304,241,17564,,COROS PACE 2
2024-07-26,Edwards Run,Run,6.13,1:24:12,"13'43""/mi",140,130,1253,1227,805,173,11027,,COROS PACE 2
2024-07-25,Edwards Run,Run,8.83,1:34:22,"10'41""/mi",159,157,440,374,1250,217,14813,,COROS PACE 2
2024-07-24,Edwards Run,Run,4.82,1:20:12,"16'38""/mi",151,121,1572,1549,695,232,9467,,COROS PACE 2
2024-07-23,Edwards Run,Run,8.94,1:36:36,"10'48""/mi",157,157,427,407,1232,187,15329,,COROS PACE 2
2024-07-22,Strength,Strength,,51:34,,87,,,,337,,,10,COROS PACE 2
2024-07-20,San Miguel County Run,Run,3.51,1:19:03,"22'32""/mi",125,103,1053,1073,506,94,7908,,COROS PACE 2
2024-07-19,Edwards Run,Run,3.8,58:51,"15'28""/mi",134,123,909,899,499,108,7352,,COROS PACE 2
2024-07-18,Edwards Run,Run,4.02,44:11,"11'00""/mi",136,157,243,223,492,45,6958,,COROS PACE 2
2024-07-17,Edwards Run,Run,3.78,57:07,"15'06""/mi",131,125,886,869,483,104,7258,,COROS PACE 2
2024-07-16,Edwards Run,Run,5.01,55:06,"11'00""/mi",136,158,246,233,620,61,8726,,COROS PACE 2
2024-07-15,Strength,Strength,,1:00:30,,78,,,,321,,,7,COROS PACE 2
2024-07-14,Edwards Run,Run,5.93,1:18:12,"13'11""/mi",116,148,328,318,674,43,11599,,COROS PACE 2
2024-07-13,Edwards Run,Run,33.43,9:47:52,"17'29""/mi",136,120,7096,6365,4697,806,60964,,COROS PACE 2
2024-07-12,Vail Run,Run,4.86,1:33:49,"19'19""/mi",136,118,1549,1522,743,209,10770,,COROS PACE 2
2024-07-11,Edwards Run,Run,8.94,1:40:24,"11'00""/mi",156,158,397,381,1213,174,15584,,COROS PACE 2
2024-07-10,Edwards Run,Run,6.14,1:24:52,"13'49""/mi",142,130,1217,1211,827,171,11056,,COROS PACE 2
2024-07-09,Edwards Run,Run,6.01,1:04:51,"10'47""/mi",150,159,292,341,811,114,10337,,COROS PACE 2
2024-07-08,Strength,Strength,,51:37,,91,,,,344,7,,9,COROS PACE 2
2024-07-07,Henderson Run,Run,3.99,53:20,"13'21""/mi",118,148,322,348,481,33,7882,,COROS PACE 2
2024-07-06,ENTERPRISE Run,Run,17.78,5:35:05,"18'51""/mi",143,115,4993,5020,2594,586,33879,,COROS PACE 2
2024-07-05,Las Vegas Run,Run,4.15,50:37,"12'12""/mi",140,150,164,161,571,58,7546,,COROS PACE 2
2024-07-04,Las Vegas Run,Run,6.74,2:12:56,"19'43""/mi",134,117,1952,1946,1058,150,12045,,COROS PACE 2
2024-07-03,Edwards Track Run,Track Run,8.87,1:34:10,"10'36""/mi",155,152,,,1224,244,14290,,COROS PACE 2
2024-07-02,Edwards Run,Run,7.05,1:13:48,"10'22""/mi",148,159,377,348,934,142,11640,,COROS PACE 2
2024-07-01,Strength,Strength,,49:45,,83,,,,324,,,8,COROS PACE 2
2024-06-30,Edwards Run,Run,6.01,1:13:03,"12'09""/mi",133,155,315,289,763,69,11330,,COROS PACE 2
2024-06-29,Gilman Run,Run,16.49,5:59:39,"21'48""/mi",136,107,4386,4426,2495,310,32123,,COROS PACE 2
2024-06-28,Gilman Run,Run,5.28,1:31:59,"17'25""/mi",135,126,814,837,801,95,11159,,COROS PACE 2
2024-06-27,Edwards Track Run,Track Run,6.48,1:10:39,"10'37""/mi",158,149,,,950,244,10382,,COROS PACE 2
2024-06-26,Vail Run,Run,4.69,1:25:55,"18'19""/mi",149,130,1522,1591,741,165,10543,,COROS PACE 2
2024-06-25,Edwards Run,Run,9.09,1:36:20,"10'27""/mi",156,159,679,728,1345,208,15140,,COROS PACE 2
2024-06-24,Strength,Strength,,52:45,,92,,,,334,7,,8,COROS PACE 2
2024-06-23,Edwards Run,Run,4.1,1:04:46,"15'46""/mi",130,124,1047,1030,617,81,6846,,COROS PACE 2
2024-06-22,Madison Run,Run,6.0,1:08:17,"10'40""/mi",146,154,180,161,851,111,9881,,COROS PACE 2
2024-06-21,Edwards Run,Run,4.49,1:02:34,"13'56""/mi",143,131,932,922,655,94,8371,,COROS PACE 2
2024-06-20,Edwards Run,Run,5.95,1:23:23,"14'00""/mi",148,132,1211,1227,892,131,10935,,COROS PACE 2
2024-06-19,Edwards Run,Run,3.56,55:03,"15'28""/mi",132,126,860,853,474,66,6937,,COROS PACE 2
2024-06-19,Edwards Run,Run,0.7,12:13,"17'29""/mi",123,110,164,161,107,12,1353,,COROS PACE 2
2024-06-18,Strength,Strength,,1:03:01,,94,,,,435,5,,13,COROS PACE 2
2024-06-18,Edwards Track Run,Track Run,5.67,59:04,"10'21""/mi",165,154,16,16,880,257,8900,,COROS PACE 2
2024-06-18,Edwards Run,Run,3.12,32:41,"10'29""/mi",154,158,95,98,462,76,5171,,COROS PACE 2
2024-06-17,Strength,Strength,,51:56,,94,,,,337,3,,6,COROS PACE 2
2024-06-16,Leadville Run,Run,12.29,4:23:25,"21'25""/mi",134,102,3389,3340,1981,309,23573,,COROS PACE 2
2024-06-15,Edwards Run,Run,6.09,1:39:39,"16'21""/mi",152,114,1280,1243,935,161,11468,,COROS PACE 2
2024-06-14,Avon Run,Run,5.85,1:00:57,"10'26""/mi",156,159,246,318,848,126,9745,,COROS PACE 2
2024-06-14,Strength,Strength,,55:07,,107,,,,376,15,,5,COROS PACE 2
2024-06-13,Edwards Run,Run,4.49,1:02:44,"13'58""/mi",147,130,886,863,653,97,8127,,COROS PACE 2
2024-06-12,Seoul Run,Run,3.91,49:01,"12'31""/mi",143,156,249,230,556,85,6494,,COROS PACE 2
2024-06-12,Indoor Run,Run,0.29,04:03,"14'09""/mi",103,143,,,23,,553,,COROS PACE 2
2024-06-11,Strength,Strength,,56:27,,87,,,,306,3,,7,COROS PACE 2
2024-06-09,Indoor Run,Run,2.77,30:46,"10'53""/mi",109,161,,,194,9,4771,,COROS PACE 2
2024-06-08,Indoor Run,Run,5.76,1:02:37,"10'05""/mi",139,165,,,577,75,9488,,COROS PACE 2
2024-06-07,Indoor Run,Run,5.86,59:00,"10'05""/mi",136,166,,,569,61,9765,,COROS PACE 2
2024-06-06,Koh Samui Run,Run,5.29,57:48,"10'55""/mi",156,159,217,203,768,109,9223,,COROS PACE 2
2024-06-05,Indoor Run,Run,5.0,1:08:37,"12'10""/mi",130,162,,,543,51,8436,,COROS PACE 2
2024-06-04,Indoor Run,Run,6.8,1:05:53,"9'40""/mi",138,167,,,651,74,10561,,COROS PACE 2
2024-06-02,Indoor Run,Run,5.8,1:07:43,"11'33""/mi",108,159,,,426,20,9383,,COROS PACE 2
2024-06-01,Nong Thale Run,Run,6.68,2:16:34,"20'11""/mi",155,131,1778,1808,1486,239,15622,,COROS PACE 2
2024-05-31,Indoor Run,Run,6.01,1:05:30,"10'00""/mi",128,161,,,521,43,9689,,COROS PACE 2
2024-05-30,Indoor Run,Run,7.0,1:14:07,"10'17""/mi",145,160,,,774,115,11264,,COROS PACE 2
2024-05-27,Indoor Run,Run,2.84,37:36,"12'12""/mi",118,151,,,258,16,5212,,COROS PACE 2
2024-05-25,Los Cabos Run,Run,5.73,1:12:22,"12'37""/mi",144,152,732,764,771,125,10244,,COROS PACE 2
2024-05-24,Los Cabos Run,Run,6.0,1:08:16,"11'22""/mi",162,157,797,784,875,187,10418,,COROS PACE 2
2024-05-23,Indoor Run,Run,7.2,1:23:46,"11'36""/mi",146,162,,,900,130,12542,,COROS PACE 2
2024-05-22,Edwards Run,Run,4.01,42:31,"10'35""/mi",146,162,249,240,544,83,6973,,COROS PACE 2
2024-05-21,Vail Run,Run,2.88,1:01:49,"21'29""/mi",138,130,1499,1453,478,143,5764,,COROS PACE 2
2024-05-20,Edwards Run,Run,4.56,1:11:13,"15'36""/mi",129,133,915,896,600,103,8195,,COROS PACE 2
2024-05-18,Montecito Run,Run,4.36,1:20:47,"18'12""/mi",147,134,1306,1293,710,132,8908,,COROS PACE 2
2024-05-17,Edwards Run,Run,7.96,1:53:05,"14'11""/mi",139,133,1542,1542,1084,152,13697,,COROS PACE 2
2024-05-16,Edwards Run,Run,3.93,49:16,"12'33""/mi",146,143,561,538,529,81,6951,,COROS PACE 2
2024-05-15,Edwards Run,Run,4.5,1:03:18,"14'04""/mi",137,132,935,912,607,96,8298,,COROS PACE 2
2024-05-14,Edwards Run,Run,5.59,1:07:09,"12'00""/mi",149,154,318,230,767,102,10083,,COROS PACE 2
2024-05-13,Strength,Strength,,1:05:40,,105,,,,409,13,,11,COROS PACE 2
2024-05-12,Gilman Run,Run,2.9,51:05,"17'38""/mi",141,131,1053,1027,432,118,6257,,COROS PACE 2
2024-05-11,Edwards Run,Run,3.82,56:17,"14'45""/mi",135,129,938,909,519,85,7196,,COROS PACE 2
2024-05-10,Indoor Bike,Bike,,40:01,,102,,,,227,4,,,COROS PACE 2
2024-05-09,Edwards Run,Run,3.01,33:19,"11'04""/mi",150,163,138,138,407,54,5398,,COROS PACE 2
2024-05-08,Edwards Run,Run,2.99,35:19,"11'48""/mi",149,155,161,167,415,51,5491,,COROS PACE 2
2024-05-05,Edwards Run,Run,10.95,2:22:11,"12'58""/mi",148,141,1988,1916,1556,297,18815,,COROS PACE 2
2024-05-04,Edwards Run,Run,5.01,52:24,"10'27""/mi",148,161,253,223,690,107,8419,,COROS PACE 2
2024-05-03,Edwards Run,Run,4.48,1:01:09,"13'39""/mi",,135,869,869,628,105,7923,,COROS PACE 2
2024-05-01,Edwards Run,Run,4.49,56:40,"12'36""/mi",,142,919,951,631,133,8058,,COROS PACE 2
2024-04-30,Edwards Run,Run,8.01,1:22:18,"10'16""/mi",151,159,404,361,1104,155,13090,,COROS PACE 2
2024-04-28,Edwards Run,Run,4.01,47:33,"11'52""/mi",140,156,269,266,563,56,7457,,COROS PACE 2
2024-04-27,Edwards Run,Run,14.48,3:57:28,"16'23""/mi",143,130,3281,2684,2900,313,26348,,COROS PACE 2
2024-04-26,Edwards Run,Run,5.26,1:10:25,"13'23""/mi",151,135,997,1053,937,128,9535,,COROS PACE 2
2024-04-25,Edwards Run,Run,7.37,1:39:04,"13'26""/mi",143,135,1312,1490,1214,144,13234,,COROS PACE 2
2024-04-24,Strength,Strength,,58:56,,112,,,,400,24,,10,COROS PACE 2
2024-04-23,Edwards Run,Run,8.01,1:27:12,"10'53""/mi",157,160,397,358,1244,186,13974,,COROS PACE 2
2024-04-22,Edwards Run,Run,3.79,57:24,"15'07""/mi",141,130,948,932,683,79,7286,,COROS PACE 2
2024-04-19,Chicago Run,Run,3.37,41:33,"10'51""/mi",149,164,33,23,476,55,5744,,COROS PACE 2
2024-04-18,Cook County Run,Run,4.09,42:32,"10'24""/mi",129,163,43,23,434,32,6928,,COROS PACE 2
2024-04-17,Edwards Run,Run,3.8,1:01:13,"16'05""/mi",127,125,958,955,612,47,7498,,COROS PACE 2
2024-04-16,Edwards Run,Run,8.01,1:21:52,"10'13""/mi",155,163,384,397,1141,168,13451,,COROS PACE 2
2024-04-15,Strength,Strength,,57:16,,94,,,,373,5,,9,COROS PACE 2
2024-04-14,Edwards Run,Run,5.01,56:55,"11'20""/mi",144,159,269,230,705,79,9053,,COROS PACE 2
2024-04-13,Edwards Run,Run,13.81,3:20:16,"14'30""/mi",153,131,2936,2864,2739,388,25845,,COROS PACE 2
2024-04-12,Edwards Run,Run,3.8,58:31,"15'25""/mi",133,127,912,899,628,60,7413,,COROS PACE 2
2024-04-11,Las Vegas Run,Run,5.01,1:03:15,"11'30""/mi",129,165,240,259,589,77,9133,,COROS PACE 2
2024-04-10,Las Vegas Run,Run,5.98,1:04:24,"10'45""/mi",152,167,269,299,869,152,10405,,COROS PACE 2
2024-04-09,Las Vegas Run,Run,7.08,1:15:02,"10'35""/mi",141,166,335,354,897,138,12021,,COROS PACE 2
2024-04-08,Las Vegas Run,Run,6.97,1:19:47,"11'14""/mi",128,162,161,171,791,56,12001,,COROS PACE 2
2024-04-07,Zion National Park Run,Run,14.06,3:40:35,"15'41""/mi",137,138,1952,1972,2487,255,28304,,COROS PACE 2
2024-04-06,Edwards Run,Run,3.04,33:30,"11'01""/mi",138,163,161,167,382,35,5457,,COROS PACE 2
2024-04-05,Edwards Run,Run,5.02,56:40,"10'58""/mi",153,161,282,256,751,101,8897,,COROS PACE 2
2024-04-04,Edwards Run,Run,4.95,1:07:41,"13'32""/mi",145,134,1001,981,830,94,9029,,COROS PACE 2
2024-04-03,Edwards Run,Run,4.52,1:02:48,"13'53""/mi",142,135,961,925,752,92,8414,,COROS PACE 2
2024-04-02,Edwards Run,Run,8.97,1:37:40,"10'53""/mi",,161,440,420,1251,178,15550,,COROS PACE 2
2024-04-01,Strength,Strength,,45:13,,116,,,,364,29,,8,COROS PACE 2
2024-03-31,Edwards Run,Run,3.17,46:49,"14'46""/mi",134,134,850,778,509,71,6051,,COROS PACE 2
2024-03-30,Edwards Run,Run,7.84,1:59:05,"15'10""/mi",145,128,1893,1808,1478,178,14981,,COROS PACE 2
2024-03-29,Edwards Run,Run,3.23,47:32,"14'43""/mi",146,132,797,810,601,78,6081,,COROS PACE 2
2024-03-28,Strength,Strength,,52:21,,,,,,226,,,9,COROS PACE 2
2024-03-28,Edwards Run,Run,4.01,45:21,"11'17""/mi",150,165,262,243,598,72,7589,,COROS PACE 2
2024-03-27,Edwards Run,Run,4.01,43:06,"10'45""/mi",145,162,272,256,535,57,6972,,COROS PACE 2
2024-03-26,Edwards Run,Run,5.01,56:07,"11'12""/mi",136,162,282,295,625,57,9100,,COROS PACE 2
2024-03-25,Strength,Strength,,59:53,,97,,,,418,11,,5,COROS PACE 2
2024-03-23,Moab Run,Run,18.63,3:10:09,"10'13""/mi",173,161,1657,1624,3177,663,30395,,COROS PACE 2
2024-03-22,Edwards Run,Run,4.01,43:18,"10'48""/mi",154,163,256,230,596,80,7003,,COROS PACE 2
2024-03-21,Edwards Run,Run,5.01,53:53,"10'45""/mi",151,163,259,236,721,90,8795,,COROS PACE 2
2024-03-21,Strength,Strength,,50:03,,99,,,,336,6,,8,COROS PACE 2
2024-03-20,Edwards Run,Run,3.79,59:26,"15'39""/mi",150,129,955,919,785,93,7582,,COROS PACE 2
2024-03-19,Edwards Run,Run,8.0,1:23:37,"10'27""/mi",157,163,407,384,1161,173,13621,,COROS PACE 2
2024-03-18,Strength,Strength,,52:59,,123,,,,465,39,,5,COROS PACE 2
2024-03-17,Chicago Run,Run,4.04,38:36,"9'32""/mi",142,170,36,43,453,53,6530,,COROS PACE 2
2024-03-16,Chicago Run,Run,4.06,48:41,"11'59""/mi",125,162,46,39,456,31,7801,,COROS PACE 2
2024-03-15,Chicago Run,Run,5.01,49:08,"9'49""/mi",148,166,82,72,616,73,8194,,COROS PACE 2
2024-03-13,Edwards Run,Run,6.0,1:05:15,"10'51""/mi",149,163,325,364,831,98,10646,,COROS PACE 2
2024-03-13,Strength,Strength,,53:48,,104,,,,378,17,,4,COROS PACE 2
2024-03-12,Edwards Run,Run,6.02,1:04:57,"10'46""/mi",145,163,285,269,787,89,10513,,COROS PACE 2
2024-03-11,Strength,Strength,,26:11,,114,,,,241,11,,8,COROS PACE 2
2024-03-11,Indoor Run,Run,5.36,51:10,"9'32""/mi",141,166,,,518,58,8483,,COROS PACE 2
2024-03-10,Strength,Strength,,25:50,,84,,,,57,,,1,COROS PACE 2
2024-03-10,Indoor Bike,Bike,,1:01:02,,109,,,,379,15,,,COROS PACE 2
2024-03-09,Rifle Run,Run,10.25,2:25:17,"14'11""/mi",141,143,1132,1037,1694,181,19046,,COROS PACE 2
2024-03-09,Garfield County Run,Run,0.11,03:41,"32'40""/mi",74,112,49,,9,,249,,COROS PACE 2
2024-03-08,Indoor Run,Run,5.4,1:01:07,"11'19""/mi",123,160,,,464,36,8630,,COROS PACE 2
2024-03-07,Edwards Run,Run,4.01,46:42,"11'38""/mi",139,159,272,269,532,50,7425,,COROS PACE 2
2024-03-06,Edwards Run,Run,5.01,55:44,"10'55""/mi",152,161,236,226,723,93,8801,,COROS PACE 2
2024-03-05,Gilman GPS Cardio,GPS Cardio,3.26,1:08:11,"12'23""/mi",150,118,1302,1309,763,108,6377,,COROS PACE 2
2024-03-05,Edwards Run,Run,5.02,56:27,"11'14""/mi",141,159,272,249,654,63,8955,,COROS PACE 2
2024-03-04,Strength,Strength,,56:02,,98,,,,312,10,,7,COROS PACE 2
2024-03-01,Cabo San Lucas Run,Run,4.44,52:02,"11'43""/mi",142,158,10,20,612,62,7846,,COROS PACE 2
2024-02-28,Edwards Run,Run,5.98,1:10:19,"11'28""/mi",154,156,331,308,922,121,10670,,COROS PACE 2
2024-02-27,Indoor Run,Run,6.05,1:04:58,"10'37""/mi",144,156,,,672,86,9945,,COROS PACE 2
2024-02-26,Strength,Strength,,58:59,,98,,,,420,14,,9,COROS PACE 2
2024-02-25,Indoor Bike,Bike,,1:00:03,,125,,,,491,39,,,COROS PACE 2
2024-02-24,Gilman GPS Cardio,GPS Cardio,4.75,1:49:39,"11'12""/mi",146,123,1965,1913,1174,159,8005,,COROS PACE 2
2024-02-23,Strength,Strength,,49:44,,117,,,,385,34,,1,COROS PACE 2
2024-02-22,Edwards Run,Run,4.01,41:29,"10'21""/mi",157,163,253,276,577,82,6749,,COROS PACE 2
2024-02-21,Indoor Bike,Bike,,1:23:00,,142,,,,844,120,,,COROS PACE 2
2024-02-20,Strength,Strength,,53:56,,,,,,217,,,8,COROS PACE 2
2024-02-19,Indoor Bike,Bike,,1:00:08,,,,,,,,,,COROS PACE 2
2024-02-17,Indoor Run,Run,5.78,1:00:09,"10'24""/mi",140,158,,,603,72,9527,,COROS PACE 2
2024-02-16,Strength,Strength,,1:03:59,,106,,,,441,27,,10,COROS PACE 2
2024-02-15,Beaver Creek GPS Cardio,GPS Cardio,7.07,2:07:49,"14'19""/mi",152,119,3241,3225,1459,227,12740,,COROS PACE 2
2024-02-14,Strength,Strength,,52:59,,99,,,,329,11,,9,COROS PACE 2
2024-02-13,Edwards GPS Cardio,GPS Cardio,4.64,1:19:55,"15'02""/mi",144,114,2182,2195,836,109,7938,,COROS PACE 2
2024-02-11,Indoor Bike,Bike,,1:30:03,,129,,,,785,69,,,COROS PACE 2
2024-02-10,Edwards Run,Run,7.71,1:20:35,"10'26""/mi",153,159,394,400,1077,142,12826,,COROS PACE 2
2024-02-09,Strength,Strength,,57:46,,108,,,,388,25,,9,COROS PACE 2
2024-02-08,Gilman GPS Cardio,GPS Cardio,3.58,1:09:19,"13'23""/mi",160,121,1430,1453,856,152,6541,,COROS PACE 2
2024-02-07,Strength,Strength,,1:02:02,,108,,,,425,22,,8,COROS PACE 2
2024-02-06,Indoor Bike,Bike,,1:00:08,,129,,,,521,48,,,COROS PACE 2
2024-02-05,Strength,Strength,,1:01:35,,150,,,,704,125,,1,COROS PACE 2
2024-02-02,Milwaukee Run,Run,4.09,41:02,"10'01""/mi",,163,92,75,580,100,6453,,COROS PACE 2
2024-02-01,Edwards GPS Cardio,GPS Cardio,4.97,1:39:41,"12'54""/mi",137,116,2129,2152,964,104,9159,,COROS PACE 2
2024-01-30,Golden Run,Run,3.38,1:17:30,"22'55""/mi",164,130,1939,1896,1165,220,8482,,COROS PACE 2
2024-01-29,Strength,Strength,,52:30,,104,,,,368,17,,6,COROS PACE 2
2024-01-28,Indoor Bike,Bike,,1:00:03,,99,,,,311,,,,COROS PACE 2
2024-01-27,Edwards Run,Run,10.14,1:47:00,"10'32""/mi",151,160,554,512,1394,177,17180,,COROS PACE 2
2024-01-26,Strength,Strength,,59:22,,101,,,,401,13,,7,COROS PACE 2
2024-01-25,Edwards GPS Cardio,GPS Cardio,4.43,1:10:47,"16'12""/mi",167,125,2047,2051,927,215,8385,,COROS PACE 2
2024-01-24,Gilman GPS Cardio,GPS Cardio,4.16,1:19:37,"13'31""/mi",153,124,1673,1696,913,136,7519,,COROS PACE 2
2024-01-22,Strength,Strength,,58:09,,,,,,143,,,10,COROS PACE 2
2024-01-21,Edwards Run,Run,4.61,50:13,"10'53""/mi",,158,236,279,624,80,7978,,COROS PACE 2
2024-01-19,Strength,Strength,,54:11,,99,,,,376,12,,11,COROS PACE 2
2024-01-18,Indoor Bike,Bike,,1:30:48,,131,,,,809,75,,,COROS PACE 2
2024-01-17,Strength,Strength,,51:07,,104,,,,343,12,,2,COROS PACE 2
2024-01-16,Edwards Run,Run,3.9,40:04,"10'16""/mi",160,158,253,220,576,91,6349,,COROS PACE 2
2024-01-16,Edwards GPS Cardio,GPS Cardio,4.81,1:24:16,"14'48""/mi",159,119,2234,2277,1026,192,9275,,COROS PACE 2
2024-01-15,Strength,Strength,,56:07,,142,,,,609,77,,2,COROS PACE 2
2024-01-14,Indoor Bike,Bike,,1:00:02,,125,,,,490,39,,,COROS PACE 2
2024-01-13,Eagle County GPS Cardio,GPS Cardio,3.68,2:18:11,"6'53""/mi",138,119,1896,2136,1323,164,7521,,COROS PACE 2
2024-01-12,Strength,Strength,,52:08,,113,,,,427,20,,8,COROS PACE 2
2024-01-11,Indoor Run,Run,4.5,45:39,"10'06""/mi",146,159,,,486,71,7273,,COROS PACE 2
2024-01-09,Indoor Run,Run,4.03,43:39,"10'48""/mi",127,159,,,369,30,6795,,COROS PACE 2
2024-01-08,Strength,Strength,,31:58,,135,,,,348,34,,4,COROS PACE 2
2024-01-07,Edwards GPS Cardio,GPS Cardio,8.09,2:29:18,"14'01""/mi",147,119,3747,3753,1609,221,14959,,COROS PACE 2
2024-01-06,Edwards Run,Run,5.91,1:00:36,"10'16""/mi",155,162,348,338,805,114,9727,,COROS PACE 2
2024-01-05,Strength,Strength,,53:56,,119,,,,405,33,,9,COROS PACE 2
2024-01-04,Edwards Run,Run,3.94,40:53,"10'22""/mi",155,161,203,217,543,77,6557,,COROS PACE 2
2024-01-04,Edwards GPS Cardio,GPS Cardio,4.9,1:27:40,"14'29""/mi",150,118,2159,2208,974,152,8391,,COROS PACE 2
2024-01-03,Strength,Strength,,39:35,,115,,,,325,23,,9,COROS PACE 2
2024-01-02,Edwards GPS Cardio,GPS Cardio,3.43,1:04:08,"13'52""/mi",146,117,1736,1755,689,93,6314,,COROS PACE 2
2024-01-01,Strength,Strength,,1:01:50,,94,,,,372,5,,6,COROS PACE 2
2023-12-31,Strength,Strength,,29:41,,87,,,,142,,,1,COROS PACE 2
2023-12-31,Edwards Run,Run,2.73,30:07,"11'01""/mi",141,154,197,197,344,36,4655,,COROS PACE 2
2023-12-30,Indoor Bike,Bike,,1:02:55,,134,,,,558,55,,,COROS PACE 2
2023-12-28,Cook County Run,Run,3.3,38:09,"11'33""/mi",138,160,26,20,420,42,6073,,COROS PACE 2
2023-12-27,Gym Cardio,GPS Cardio,,58:56,,150,116,,,640,110,6087,,COROS PACE 2
2023-12-26,Strength,Strength,,58:12,,95,,,,300,7,,1,COROS PACE 2
2023-12-25,Cook County Run,Run,6.7,1:06:00,"9'13""/mi",152,164,121,108,796,117,10069,,COROS PACE 2
2023-12-24,Cook County Run,Run,3.03,39:41,"11'44""/mi",136,158,23,13,380,34,5501,,COROS PACE 2
2023-12-23,Strength,Strength,,59:27,,103,,,,464,19,,10,COROS PACE 2
2023-12-22,Indoor Bike,Bike,,48:12,,105,,,,266,6,,,COROS PACE 2
2023-12-21,Beaver Creek GPS Cardio,GPS Cardio,5.39,1:20:21,"17'22""/mi",162,125,2011,2041,1014,215,7985,,COROS PACE 2
2023-12-20,Edwards Run,Run,4.33,1:03:10,"14'33""/mi",148,129,965,919,776,99,8105,,COROS PACE 2
2023-12-19,Indoor Bike,Bike,,1:13:02,,136,,,,697,90,,,COROS PACE 2
2023-12-18,Strength,Strength,,56:01,,100,,,,408,10,,10,COROS PACE 2
2023-12-17,Edwards Run,Run,3.86,56:20,"14'35""/mi",150,134,1001,948,708,91,7528,,COROS PACE 2
2023-12-16,Indoor Bike,Bike,,1:20:05,,135,,,,754,81,,,COROS PACE 2
2023-12-15,Strength,Strength,,45:16,,117,,,,399,26,,8,COROS PACE 2
2023-12-14,Indoor Bike,Bike,,1:00:22,,110,,,,395,18,,,COROS PACE 2
2023-12-13,Strength,Strength,,1:00:46,,129,,,,527,61,,7,COROS PACE 2
2023-12-13,Beaver Creek GPS Cardio,GPS Cardio,5.35,1:19:35,"17'45""/mi",156,126,2037,2037,931,178,7814,,COROS PACE 2
2023-12-12,Edwards Run,Run,8.74,1:33:22,"10'40""/mi",158,158,440,430,1289,197,14633,,COROS PACE 2
2023-12-11,Strength,Strength,,50:13,,117,,,,440,34,,8,COROS PACE 2
2023-12-11,Indoor Bike,Bike,,1:00:03,,130,,,,531,50,,,COROS PACE 2
2023-12-10,Indoor Bike,Bike,,1:00:15,,106,,,,362,9,,,COROS PACE 2
2023-12-09,Vail GPS Cardio,GPS Cardio,5.52,2:22:48,"10'00""/mi",158,122,2005,2054,1733,305,11307,,COROS PACE 2
2023-12-08,Strength,Strength,,46:46,,100,,,,405,6,,10,COROS PACE 2
2023-12-07,Beaver Creek GPS Cardio,GPS Cardio,3.58,1:08:28,"13'32""/mi",169,121,2014,2037,919,211,6831,,COROS PACE 2
2023-12-06,Edwards Run,Run,5.88,1:01:17,"10'26""/mi",168,158,495,479,929,185,9613,,COROS PACE 2
2023-12-06,Edwards Run,Run,0.37,04:40,"12'36""/mi",,150,30,69,58,10,681,,COROS PACE 2
2023-12-06,Strength,Strength,,52:54,,131,,,,531,55,,5,COROS PACE 2
2023-12-05,Indoor Bike,Bike,,1:17:42,,137,,,,752,97,,,COROS PACE 2
2023-12-04,Strength,Strength,,58:35,,102,,,,419,13,,8,COROS PACE 2
2023-12-02,Indoor Bike,Bike,,46:54,,131,,,,405,39,,,COROS PACE 2
2023-12-01,Strength,Strength,,51:30,,132,,,,529,76,,3,COROS PACE 2
2023-11-30,Strength,Strength,,53:04,,105,,,,354,20,,7,COROS PACE 2
2023-11-29,Indoor Run,Run,5.51,1:01:08,"11'06""/mi",123,156,,,491,39,9391,,COROS PACE 2
2023-11-28,Strength,Strength,,46:50,,96,,,,287,11,,3,COROS PACE 2
2023-11-24,Cook County Run,Run,4.23,44:42,"10'30""/mi",135,163,36,33,468,41,7275,,COROS PACE 2
2023-11-23,Cook County Run,Run,9.79,1:30:09,"9'12""/mi",161,164,233,269,1276,240,14897,,COROS PACE 2
2023-11-22,Strength,Strength,,40:00,,114,,,,315,24,,6,COROS PACE 2
2023-11-21,Edwards Run,Run,3.86,53:55,"13'56""/mi",144,130,961,942,636,72,7066,,COROS PACE 2
2023-11-20,Strength,Strength,,54:00,,113,,,,529,34,,6,COROS PACE 2
2023-11-19,Indoor Bike,Bike,,1:00:08,,113,,,,410,20,,,COROS PACE 2
2023-11-18,Gilman Run,Run,7.13,2:12:41,"18'36""/mi",156,133,3028,2949,1793,277,13543,,COROS PACE 2
2023-11-17,Strength,Strength,,38:45,,107,,,,290,11,,6,COROS PACE 2
2023-11-17,Gilman Run,Run,2.3,39:29,"17'09""/mi",154,131,820,820,524,82,4890,,COROS PACE 2
2023-11-16,Strength,Strength,,50:59,,113,,,,405,31,,8,COROS PACE 2
2023-11-15,Indoor Bike,Bike,,1:00:52,,134,,,,561,60,,,COROS PACE 2
2023-11-14,Strength,Strength,,1:01:34,,105,,,,385,15,,6,COROS PACE 2
2023-11-13,Edwards Run,Run,5.96,58:52,"9'50""/mi",156,161,305,351,775,120,9477,,COROS PACE 2
2023-11-12,Strength,Strength,,17:43,,109,,,,110,3,,1,COROS PACE 2
2023-11-12,Indoor Bike,Bike,,41:27,,131,,,,364,33,,,COROS PACE 2
2023-11-11,Edwards Run,Run,5.84,1:39:19,"17'00""/mi",125,125,1358,1286,898,68,11934,,COROS PACE 2
2023-11-10,Strength,Strength,,58:37,,119,,,,502,42,,7,COROS PACE 2
2023-11-09,Edwards Run,Run,3.82,53:26,"14'00""/mi",150,131,978,945,662,87,6973,,COROS PACE 2
2023-11-08,Strength,Strength,,54:44,,117,,,,424,34,,7,COROS PACE 2
2023-11-07,Indoor Bike,Bike,,1:01:58,,130,,,,532,48,,,COROS PACE 2
2023-11-06,Strength,Strength,,56:11,,106,,,,438,23,,5,COROS PACE 2
2023-11-05,Indoor Bike,Bike,,1:00:19,,127,,,,514,42,,,COROS PACE 2
2023-11-04,Strength,Strength,,54:59,,112,,,,437,29,,9,COROS PACE 2
2023-11-02,Strength,Strength,,1:26:26,,104,,,,305,26,,11,COROS PACE 2
2023-11-01,Edwards Run,Run,2.43,35:11,"14'29""/mi",150,127,522,509,436,59,4423,,COROS PACE 2
2023-10-31,Strength,Strength,,44:30,,104,,,,289,11,,1,COROS PACE 2
2023-10-26,Grand Canyon Village Run,Run,45.04,14:18:54,"19'04""/mi",147,131,10597,10965,10260,1342,84745,,COROS PACE 2
2023-10-24,Edwards Run,Run,2.56,28:11,"10'59""/mi",142,153,131,177,310,35,4352,,COROS PACE 2
2023-10-23,Edwards Run,Run,2.52,32:35,"12'55""/mi",135,134,525,512,330,32,4326,,COROS PACE 2
2023-10-22,Edwards Run,Run,2.8,30:07,"10'45""/mi",152,155,217,203,374,54,4639,,COROS PACE 2
2023-10-21,Edwards Run,Run,3.47,57:03,"16'26""/mi",118,126,640,574,452,26,6745,,COROS PACE 2
2023-10-20,Strength,Strength,,45:08,,106,,,,322,11,,9,COROS PACE 2
2023-10-19,Edwards Run,Run,2.43,31:23,"12'55""/mi",151,134,509,492,382,51,4222,,COROS PACE 2
2023-10-18,Edwards Run,Run,4.41,45:17,"10'16""/mi",154,157,282,335,573,88,7107,,COROS PACE 2
2023-10-17,Edwards Run,Run,3.83,55:11,"14'24""/mi",145,128,932,886,628,72,6977,,COROS PACE 2
2023-10-16,Strength,Strength,,55:19,,109,,,,424,21,,8,COROS PACE 2
2023-10-15,Edwards GPS Cardio,GPS Cardio,6.22,2:29:02,"10'48""/mi",96,108,1683,1621,718,24,13974,,COROS PACE 2
2023-10-14,Edwards Run,Run,4.89,1:20:54,"16'00""/mi",,125,1473,1450,691,47,8915,,COROS PACE 2
2023-10-13,Strength,Strength,,52:41,,,,,,199,,,8,COROS PACE 2
2023-10-12,Edwards Run,Run,5.5,55:16,"10'03""/mi",148,160,272,354,654,81,8881,,COROS PACE 2
2023-10-12,Strength,Strength,,1:03:22,,112,,,,471,34,,6,COROS PACE 2
2023-10-11,Edwards Run,Run,5.89,1:20:19,"13'37""/mi",147,130,1289,1257,935,118,10459,,COROS PACE 2
2023-10-10,Edwards Run,Run,4.35,52:37,"12'05""/mi",150,146,974,958,637,91,7909,,COROS PACE 2
2023-10-09,Strength,Strength,,56:11,,100,,,,411,13,,10,COROS PACE 2
2023-10-07,Boston Run,Run,4.72,49:15,"9'37""/mi",151,163,262,200,558,80,7318,,COROS PACE 2
2023-10-06,Boston Run,Run,4.01,40:15,"10'01""/mi",142,163,131,125,445,52,6382,,COROS PACE 2
2023-10-05,Cook County Run,Run,5.76,59:11,"10'16""/mi",132,162,33,36,575,48,9574,,COROS PACE 2
2023-10-04,Cook County Run,Run,9.3,1:23:07,"8'54""/mi",169,164,243,233,1218,303,13580,,COROS PACE 2
2023-10-03,Edwards Run,Run,4.32,55:07,"12'46""/mi",141,139,938,948,600,66,7631,,COROS PACE 2
2023-10-02,Strength,Strength,,49:24,,97,,,,420,8,,7,COROS PACE 2
2023-10-01,Edwards Run,Run,6.06,58:25,"9'37""/mi",152,161,299,335,723,101,9397,,COROS PACE 2
2023-09-30,Edwards Run,Run,4.7,51:48,"11'01""/mi",140,157,226,302,560,60,8244,,COROS PACE 2
2023-09-29,Strength,Strength,,55:11,,102,,,,343,11,,6,COROS PACE 2
2023-09-29,Edwards Run,Run,6.37,1:19:19,"12'26""/mi",160,151,1381,1378,1073,196,11688,,COROS PACE 2
2023-09-28,Strength,Strength,,49:10,,115,,,,436,25,,6,COROS PACE 2
2023-09-28,Gilman GPS Cardio,GPS Cardio,2.31,59:48,"10'00""/mi",133,111,801,774,551,62,6047,,COROS PACE 2
2023-09-27,Edwards Run,Run,4.19,40:50,"9'44""/mi",150,163,240,312,493,67,6626,,COROS PACE 2
2023-09-26,Edwards Run,Run,5.9,1:22:48,"14'01""/mi",144,131,1247,1207,931,104,10799,,COROS PACE 2
2023-09-25,Strength,Strength,,1:04:18,,89,,,,421,2,,7,COROS PACE 2
2023-09-24,Gilman Run,Run,21.02,6:01:39,"17'09""/mi",140,128,4843,4823,3746,400,41949,,COROS PACE 2
2023-09-23,Edwards Run,Run,3.8,56:46,"14'56""/mi",138,133,942,912,599,60,7597,,COROS PACE 2
2023-09-22,Strength,Strength,,54:50,,127,,,,493,56,,1,COROS PACE 2
2023-09-21,Edwards Run,Run,6.31,1:24:45,"13'26""/mi",153,134,1617,1572,1061,150,11035,,COROS PACE 2
2023-09-20,Edwards Run,Run,6.35,1:04:18,"10'06""/mi",162,160,653,604,881,182,10122,,COROS PACE 2
2023-09-19,Edwards Run,Run,6.62,1:24:33,"12'46""/mi",151,138,1227,1224,1035,144,11387,,COROS PACE 2
2023-09-18,Strength,Strength,,47:52,,98,,,,319,17,,8,COROS PACE 2
2023-09-17,Edwards Run,Run,3.88,41:21,"10'38""/mi",147,158,207,243,485,63,6478,,COROS PACE 2
2023-09-16,Strength,Strength,,52:52,,88,,,,329,7,,9,COROS PACE 2
2023-09-15,Eagle County Run,Run,4.34,59:11,"13'37""/mi",153,150,157,2605,738,103,8235,,COROS PACE 2
2023-09-15,Edwards Run,Run,4.9,2:11:21,"26'47""/mi",141,112,3074,194,1438,166,12077,,COROS PACE 2
2023-09-14,Edwards Run,Run,4.31,55:08,"12'47""/mi",146,143,919,919,623,78,7674,,COROS PACE 2
2023-09-12,Denver Run,Run,6.07,59:03,"9'44""/mi",158,161,138,121,762,124,9577,,COROS PACE 2
2023-09-11,Strength,Strength,,50:39,,,,,,114,,,3,COROS PACE 2
2023-09-10,Edwards Run,Run,6.59,1:17:38,"11'46""/mi",151,146,1234,1224,934,140,11300,,COROS PACE 2
2023-09-08,Strength,Strength,,54:16,,124,,,,477,53,,1,COROS PACE 2
2023-09-07,Strength,Strength,,53:32,,105,,,,368,20,,6,COROS PACE 2
2023-09-06,Strength,Strength,,54:13,,120,,,,417,34,,8,COROS PACE 2
2023-09-06,Edwards Run,Run,5.26,1:06:07,"12'34""/mi",166,152,1060,965,925,195,9654,,COROS PACE 2
2023-09-05,Edwards Run,Run,4.14,48:35,"11'43""/mi",155,151,551,584,610,97,7363,,COROS PACE 2
2023-09-04,Edwards Run,Run,3.85,53:13,"13'48""/mi",136,138,909,968,343,43,7367,,COROS PACE 2
2023-09-03,Vail GPS Cardio,GPS Cardio,8.01,3:01:08,,116,119,2169,2057,1164,67,18102,,COROS PACE 2
2023-09-02,Buena Vista Run,Run,10.86,4:19:06,"23'52""/mi",152,125,3707,3720,3119,443,21146,,COROS PACE 2
2023-09-01,Strength,Strength,,58:28,,137,,,,567,63,,1,COROS PACE 2
2023-08-31,Strength,Strength,,55:37,,112,,,,412,24,,8,COROS PACE 2
2023-08-31,Edwards Run,Run,4.37,58:56,"13'29""/mi",148,136,915,889,681,87,7926,,COROS PACE 2
2023-08-30,Edwards Run,Run,5.55,52:27,"9'26""/mi",167,163,541,518,745,174,8382,,COROS PACE 2
2023-08-29,Edwards Bike,Bike,4.26,39:46,"27'42""/mi",134,,564,571,370,38,,,COROS PACE 2
2023-08-29,Edwards Run,Run,6.07,1:21:13,"13'23""/mi",145,136,1253,1201,912,112,10879,,COROS PACE 2
2023-08-28,Strength,Strength,,53:40,,98,,,,384,13,,10,COROS PACE 2
2023-08-27,Edwards Run,Run,5.67,1:18:45,"13'53""/mi",,132,1076,1194,889,58,10178,,COROS PACE 2
2023-08-27,Edwards Run,Run,0.32,06:00,"18'59""/mi",74,116,138,3,50,4,653,,COROS PACE 2
2023-08-26,Edwards Run,Run,6.08,1:05:33,"10'21""/mi",156,158,308,371,884,126,9977,,COROS PACE 2
2023-08-25,Strength,Strength,,44:06,,113,,,,338,22,,6,COROS PACE 2
2023-08-25,Gilman Run,Run,2.3,41:05,"16'57""/mi",152,138,778,787,525,69,4264,,COROS PACE 2
2023-08-24,Strength,Strength,,53:05,,125,,,,400,43,,8,COROS PACE 2
2023-08-24,Edwards Bike,Bike,6.13,1:08:02,"23'20""/mi",149,,1073,1073,757,120,,,COROS PACE 2
2023-08-23,Edwards Run,Run,3.95,49:09,"12'26""/mi",148,145,545,518,634,76,6794,,COROS PACE 2
2023-08-22,Edwards Bike,Bike,4.14,34:29,"31'03""/mi",126,,571,571,291,26,,,COROS PACE 2
2023-08-21,Strength,Strength,,48:11,,94,,,,301,4,,4,COROS PACE 2
2023-08-20,Edwards Bike,Bike,2.79,34:07,"21'09""/mi",145,,525,509,362,46,,,COROS PACE 2
2023-08-19,Edwards Run,Run,12.99,2:29:39,"10'58""/mi",175,149,2822,2812,2404,513,20855,,COROS PACE 2
2023-08-19,Edwards Run,Run,0.85,10:50,"12'49""/mi",156,143,213,200,152,22,1502,,COROS PACE 2
2023-08-18,Edwards Run,Run,2.3,27:27,"11'56""/mi",128,140,276,269,277,28,3803,,COROS PACE 2
2023-08-16,Edwards Run,Run,2.44,32:29,"13'19""/mi",151,142,512,469,431,57,4548,,COROS PACE 2
2023-08-15,Edwards Run,Run,3.01,31:58,"10'37""/mi",153,154,207,200,433,67,4951,,COROS PACE 2
2023-08-14,Strength,Strength,,43:59,,99,,,,310,9,,10,COROS PACE 2
2023-08-13,Edwards Run,Run,2.17,35:14,"16'13""/mi",133,130,407,489,380,31,4399,,COROS PACE 2
2023-08-13,Edwards Run,Run,0.4,05:11,"12'50""/mi",65,116,92,7,46,4,585,,COROS PACE 2
2023-08-12,Edwards Run,Run,5.64,1:16:06,"13'29""/mi",153,137,1122,1076,1030,130,10163,,COROS PACE 2
2023-08-11,Strength,Strength,,53:22,,100,,,,339,16,,5,COROS PACE 2
2023-08-10,Edwards Run,Run,3.66,51:31,"13'52""/mi",155,139,909,886,708,104,6988,,COROS PACE 2
2023-08-09,Strength,Strength,,54:07,,102,,,,377,17,,12,COROS PACE 2
2023-08-08,Strength,Strength,,13:56,,106,,,,95,3,,1,COROS PACE 2
2023-08-08,Edwards Run,Run,2.48,34:47,"14'00""/mi",140,131,512,482,407,38,4513,,COROS PACE 2
2023-08-07,Strength,Strength,,14:13,,75,,,,64,,,1,COROS PACE 2
2023-08-07,Edwards Run,Run,3.06,41:42,"13'23""/mi",130,150,223,240,418,31,6038,,COROS PACE 2
2023-08-06,Edwards Bike,Bike,28.19,5:41:08,"23'53""/mi",141,,4688,3940,3096,408,,,COROS PACE 2
2023-08-05,Edwards Bike,Bike,9.82,1:21:53,"31'03""/mi",138,,1227,1204,807,101,,,COROS PACE 2
2023-08-05,Eagle County Run,Run,3.01,1:43:46,"32'59""/mi",142,117,1375,1381,1188,132,8441,,COROS PACE 2
2023-08-04,Edwards Bike,Bike,4.18,46:37,"23'12""/mi",121,,577,587,366,29,,,COROS PACE 2
2023-08-04,Strength,Strength,,57:19,,97,,,,341,11,,11,COROS PACE 2
2023-08-03,Strength,Strength,,18:20,,100,,,,127,2,,1,COROS PACE 2
2023-08-03,Edwards Run,Run,4.42,58:30,"13'13""/mi",137,134,699,676,657,57,7855,,COROS PACE 2
2023-08-02,Edwards Run,Run,6.49,1:07:15,"10'22""/mi",155,159,322,354,940,133,10715,,COROS PACE 2
2023-08-01,Edwards Run,Run,5.59,1:03:58,"11'27""/mi",165,153,1053,1014,985,181,9803,,COROS PACE 2
2023-07-31,Strength,Strength,,59:24,,96,,,,341,17,,5,COROS PACE 2
2023-07-30,Leadville Run,Run,10.27,2:51:08,"16'41""/mi",154,124,2559,2526,2333,304,20238,,COROS PACE 2
2023-07-28,Strength,Strength,,1:01:41,,98,,,,342,9,,12,COROS PACE 2
2023-07-28,Edwards Run,Run,4.17,50:51,"12'12""/mi",156,146,617,620,715,99,7339,,COROS PACE 2
2023-07-27,Strength,Strength,,1:01:10,,114,,,,453,33,,1,COROS PACE 2
2023-07-27,Run,Run,0.06,02:50,"51'15""/mi",102,131,,3,18,,111,,COROS PACE 2
2023-07-26,Pool Swim,Swim,0.57,30:36,"5'20""/mi",87,,,,292,,,,COROS PACE 2
2023-07-26,Indoor Bike,Bike,,07:37,,103,,,,43,1,,,COROS PACE 2
2023-07-26,Edwards Run,Run,5.98,53:22,"8'54""/mi",170,167,161,164,859,262,8913,,COROS PACE 2
2023-07-26,Edwards Run,Run,1.24,15:07,"12'13""/mi",125,148,,7,145,18,2173,,COROS PACE 2
2023-07-25,Indoor Bike,Bike,,31:03,,125,,,,250,19,,,COROS PACE 2
2023-07-25,Edwards Bike,Bike,2.98,26:00,"29'41""/mi",117,,230,240,192,13,,,COROS PACE 2
2023-07-25,Edwards Run,Run,3.83,52:18,"13'39""/mi",156,136,909,876,734,104,7216,,COROS PACE 2
2023-07-24,Strength,Strength,,46:58,,118,,,,394,28,,7,COROS PACE 2
2023-07-22,Chicago Run,Run,3.48,40:39,"11'41""/mi",89,165,56,49,185,73,5928,,COROS PACE 2
2023-07-21,Cook County Run,Run,4.07,40:07,"9'52""/mi",159,163,75,82,581,98,6339,,COROS PACE 2
2023-07-20,Strength,Strength,,1:03:25,,115,,,,487,45,,4,COROS PACE 2
2023-07-19,Edwards Run,Run,4.02,42:37,"10'35""/mi",146,156,243,249,539,69,6678,,COROS PACE 2
2023-07-18,Strength,Strength,,59:10,,101,,,,386,15,,8,COROS PACE 2
2023-07-17,Edwards Run,Run,2.35,29:32,"12'34""/mi",123,149,164,167,276,19,4405,,COROS PACE 2
2023-07-16,Edwards Run,Run,9.81,2:40:29,"15'26""/mi",147,129,2451,2379,1932,224,19002,,COROS PACE 2
2023-07-15,Strength,Strength,,1:05:31,,103,,,,400,21,,1,COROS PACE 2
2023-07-15,Gilman Run,Run,2.32,44:49,"18'41""/mi",140,124,778,778,506,47,5148,,COROS PACE 2
2023-07-14,Edwards Run,Run,5.79,1:06:57,"11'14""/mi",155,158,285,331,901,120,10273,,COROS PACE 2
2023-07-13,Edwards Track Run,Track Run,6.2,1:02:05,"10'01""/mi",164,159,7,7,913,187,9748,,COROS PACE 2
2023-07-12,Strength,Strength,,56:27,,107,,,,407,20,,4,COROS PACE 2
2023-07-10,Sonoma County Run,Run,6.39,1:03:59,"9'49""/mi",152,165,200,180,788,107,10229,,COROS PACE 2
2023-07-09,Sonoma County Run,Run,2.64,33:22,"11'22""/mi",125,159,43,52,265,19,4594,,COROS PACE 2
2023-07-08,Sonoma County Run,Run,8.9,2:15:37,"14'56""/mi",147,138,2041,1995,1552,129,16500,,COROS PACE 2
2023-07-07,Sonoma County Run,Run,5.32,1:00:20,"11'20""/mi",141,160,797,794,654,107,9224,,COROS PACE 2
2023-07-06,Edwards Run,Run,4.0,44:27,"11'06""/mi",149,157,243,246,562,69,6987,,COROS PACE 2
2023-07-05,Strength,Strength,,54:52,,117,,,,446,32,,2,COROS PACE 2
2023-07-05,Edwards Track Run,Track Run,7.28,1:13:38,"9'26""/mi",150,164,,,891,311,11227,,COROS PACE 2
2023-07-04,Edwards Run,Run,4.09,1:02:23,"15'10""/mi",153,128,984,988,829,125,7961,,COROS PACE 2
2023-07-03,Strength,Strength,,1:02:52,,115,,,,503,45,,9,COROS PACE 2
2023-07-02,Edwards Run,Run,3.98,47:13,"11'52""/mi",156,152,259,253,649,92,7161,,COROS PACE 2
2023-07-01,Vail Run,Run,5.4,1:41:07,"17'06""/mi",151,132,1434,1427,1209,183,11132,,COROS PACE 2
2023-06-30,Edwards Run,Run,3.01,36:58,"12'18""/mi",125,153,194,223,344,22,5649,,COROS PACE 2
2023-06-30,Strength,Strength,,35:43,,79,,,,134,,,1,COROS PACE 2
2023-06-29,Gilman Run,Run,10.96,5:43:15,"30'12""/mi",158,124,5308,5295,4680,783,23722,,COROS PACE 2
2023-06-28,Strength,Strength,,56:42,,105,,,,392,16,,5,COROS PACE 2
2023-06-27,Edwards Run,Run,4.02,47:26,"11'48""/mi",148,153,256,259,595,72,7365,,COROS PACE 2
2023-06-26,Strength,Strength,,54:32,,106,,,,422,16,,7,COROS PACE 2
2023-06-25,Edwards Run,Run,2.38,31:54,"13'24""/mi",121,155,125,174,281,16,4854,,COROS PACE 2
2023-06-24,Buena Vista Run,Run,10.5,4:54:26,"28'03""/mi",158,125,5817,5837,4136,817,22289,,COROS PACE 2
2023-06-23,Strength,Strength,,52:52,,129,,,,471,50,,1,COROS PACE 2
2023-06-22,Edwards Run,Run,4.01,43:07,"10'45""/mi",154,158,292,289,580,92,6804,,COROS PACE 2
2023-06-21,Edwards Run,Run,3.92,48:56,"12'28""/mi",154,139,495,577,657,98,6815,,COROS PACE 2
2023-06-20,Edwards Run,Run,4.06,49:45,"11'38""/mi",150,161,233,295,613,90,6979,,COROS PACE 2
2023-06-19,Strength,Strength,,52:37,,118,,,,410,34,,10,COROS PACE 2
2023-06-18,Edwards Run,Run,2.44,42:52,"17'32""/mi",134,124,702,656,455,44,5168,,COROS PACE 2
2023-06-16,Edwards Run,Run,5.97,1:08:07,"11'19""/mi",159,156,466,453,956,202,10593,,COROS PACE 2
2023-06-15,Edwards Run,Run,4.88,1:01:13,"12'33""/mi",156,147,843,797,846,189,8898,,COROS PACE 2
2023-06-14,Strength,Strength,,55:38,,98,,,,314,14,,1,COROS PACE 2
2023-06-13,Edwards Run,Run,5.85,1:00:55,"10'24""/mi",149,161,279,358,757,129,9765,,COROS PACE 2
2023-06-13,Strength,Strength,,55:38,,96,,,,301,10,,1,COROS PACE 2
2023-06-11,Vail Run,Run,2.43,39:14,"14'40""/mi",185,149,925,919,669,265,3251,,COROS PACE 2
2023-06-11,Vail Run,Run,1.66,24:58,"15'01""/mi",159,136,472,427,372,90,2777,,COROS PACE 2
2023-06-10,Edwards Run,Run,5.66,1:18:31,"13'39""/mi",156,134,1129,1096,1108,213,10220,,COROS PACE 2
2023-06-09,Strength,Strength,,41:19,,92,,,,211,5,,1,COROS PACE 2
2023-06-08,Edwards Run,Run,6.0,1:01:06,"9'58""/mi",154,159,118,184,821,205,9426,,COROS PACE 2
2023-06-07,Edwards Run,Run,4.52,56:55,"12'34""/mi",153,138,951,925,777,172,7838,,COROS PACE 2
2023-06-06,Edwards Run,Run,3.97,45:22,"11'25""/mi",153,153,262,253,659,123,6911,,COROS PACE 2
2023-06-04,Edwards Run,Run,4.03,57:07,"13'08""/mi",146,147,289,292,707,106,7537,,COROS PACE 2
2023-06-03,Edwards Run,Run,9.66,2:18:53,"14'20""/mi",153,135,1850,1847,2016,353,17857,,COROS PACE 2
2023-06-02,Strength,Strength,,56:48,,68,,,,122,,,1,COROS PACE 2
2023-06-01,Edwards Run,Run,2.51,36:14,"14'27""/mi",141,133,509,486,454,59,4809,,COROS PACE 2
2023-05-31,Edwards Track Run,Track Run,5.98,59:54,"9'58""/mi",156,162,,3,898,204,9671,,COROS PACE 2
2023-05-30,Strength,Strength,,1:20:35,,91,,,,347,10,,1,COROS PACE 2
2023-05-29,Edwards Run,Run,4.0,45:23,"11'12""/mi",157,155,282,285,678,132,6932,,COROS PACE 2
2023-05-27,Cook County Run,Run,3.93,42:35,"10'40""/mi",144,165,43,43,546,70,6953,,COROS PACE 2
2023-05-26,Edwards Track Run,Track Run,3.57,41:03,"11'27""/mi",155,156,,,604,138,6024,,COROS PACE 2
2023-05-25,Indoor Bike,Bike,,30:11,,114,,,,211,15,,,COROS PACE 2
2023-05-24,Strength,Strength,,59:50,,98,,,,332,13,,1,COROS PACE 2
2023-05-23,Edwards Run,Run,3.9,56:25,"14'27""/mi",149,130,932,899,777,136,7481,,COROS PACE 2
2023-05-22,Strength,Strength,,59:57,,90,,,,277,8,,1,COROS PACE 2
2023-05-21,Edwards Run,Run,2.01,29:42,"14'46""/mi",138,149,167,151,361,42,4073,,COROS PACE 2
2023-05-20,Edwards Run,Run,11.67,2:06:30,"10'50""/mi",158,160,525,541,1934,390,20095,,COROS PACE 2
2023-05-19,Strength,Strength,,1:07:32,,92,,,,326,9,,1,COROS PACE 2
2023-05-18,Edwards Run,Run,3.84,48:33,"12'37""/mi",150,145,623,617,682,122,6876,,COROS PACE 2
2023-05-17,Strength,Strength,,47:35,,99,,,,278,11,,1,COROS PACE 2
2023-05-17,Edwards Run,Run,3.87,58:22,"15'04""/mi",146,130,955,912,783,127,7553,,COROS PACE 2
2023-05-16,Edwards Bike,Bike,9.01,55:02,"42'24""/mi",134,,797,801,515,79,,,COROS PACE 2
2023-05-16,Edwards Track Run,Track Run,4.02,39:01,"9'42""/mi",147,165,,,532,178,6367,,COROS PACE 2
2023-05-15,Strength,Strength,,1:07:11,,96,,,,360,14,,1,COROS PACE 2
2023-05-14,Edwards Run,Run,3.0,42:33,"14'09""/mi",123,149,236,220,421,32,5976,,COROS PACE 2
2023-05-13,Edwards Run,Run,8.62,1:51:29,"12'55""/mi",155,137,1785,1736,1687,320,15162,,COROS PACE 2
2023-05-12,Strength,Strength,,1:02:15,,98,,,,343,12,,1,COROS PACE 2
2023-05-11,Edwards Run,Run,2.5,33:17,"13'19""/mi",144,137,525,509,444,74,4466,,COROS PACE 2
2023-05-10,Edwards Run,Run,4.74,51:27,"10'34""/mi",157,163,381,456,778,151,8106,,COROS PACE 2
2023-05-09,Indoor Bike,Bike,,40:04,,123,,,,320,28,,,COROS PACE 2
2023-05-09,Edwards Run,Run,5.03,48:40,"9'36""/mi",154,164,141,171,723,183,7895,,COROS PACE 2
2023-05-08,Strength,Strength,,1:04:40,,94,,,,322,13,,4,COROS PACE 2
2023-05-07,Edwards Run,Run,2.52,31:09,"12'21""/mi",144,150,525,505,415,87,4452,,COROS PACE 2
2023-05-06,Edwards Run,Run,8.9,1:27:56,"9'47""/mi",160,168,466,509,1385,306,14550,,COROS PACE 2
2023-05-05,Strength,Strength,,57:56,,103,,,,357,17,,1,COROS PACE 2
2023-05-04,Strength,Strength,,55:16,,124,,,,481,57,,4,COROS PACE 2
2023-05-04,Edwards Run,Run,3.9,45:10,"11'33""/mi",155,165,190,243,684,137,6813,,COROS PACE 2
2023-05-03,Edwards Run,Run,3.6,38:02,"10'34""/mi",163,163,131,141,625,134,6150,,COROS PACE 2
2023-05-02,Indoor Bike,Bike,,50:03,,139,,,,495,89,,,COROS PACE 2
2023-05-02,Edwards Run,Run,3.01,32:58,"10'58""/mi",151,164,174,233,480,92,5321,,COROS PACE 2
2023-05-01,Strength,Strength,,58:49,,92,,,,286,10,,1,COROS PACE 2
2023-04-30,Edwards Run,Run,3.01,37:48,"12'34""/mi",143,154,449,427,496,71,5586,,COROS PACE 2
2023-04-29,ski,GPS Cardio,5.0,2:25:40,"8'52""/mi",148,126,2175,2185,1603,313,10776,,COROS PACE 2
2023-04-28,Strength,Strength,,57:54,,99,,,,333,12,,1,COROS PACE 2
2023-04-28,Edwards Run,Run,3.01,36:40,"12'09""/mi",150,163,240,253,525,88,5681,,COROS PACE 2
2023-04-27,Strength,Strength,,11:51,,103,,,,95,3,,1,COROS PACE 2
2023-04-27,Indoor Bike,Bike,17.0,1:04:55,,146,,,,693,139,,,COROS PACE 2
2023-04-26,Indoor Run,Run,1.75,24:13,"13'27""/mi",133,160,,,219,30,2792,,COROS PACE 2
2023-04-26,Strength,Strength,,1:03:54,,103,,,,391,18,,1,COROS PACE 2
2023-04-25,Edwards Bike,Bike,14.29,1:00:11,"61'36""/mi",144,,689,696,635,110,,,COROS PACE 2
2023-04-24,Indoor Bike,Bike,10.0,31:45,,124,,,,261,26,,,COROS PACE 2
2023-04-24,Strength,Strength,,1:00:19,,96,,,,335,14,,5,COROS PACE 2
2023-04-21,Strength,Strength,,1:04:42,,117,,,,503,45,,1,COROS PACE 2
2023-04-19,Strength,Strength,,1:12:20,,100,,,,414,19,,1,COROS PACE 2
2023-04-18,Edwards Run,Run,4.2,53:16,"12'39""/mi",152,148,623,591,776,152,7211,,COROS PACE 2
2023-04-17,Strength,Strength,,56:40,,97,,,,315,14,,1,COROS PACE 2
2023-04-16,Edwards GPS Cardio,GPS Cardio,3.41,1:01:56,"14'14""/mi",141,122,1716,1699,627,96,5622,,COROS PACE 2
2023-04-15,ski,GPS Cardio,9.53,3:11:05,"13'03""/mi",154,116,4915,5000,2215,493,16736,,COROS PACE 2
2023-04-14,Strength,Strength,,54:14,,97,,,,296,9,,1,COROS PACE 2
2023-04-13,Strength,Strength,,13:11,,106,,,,99,4,,2,COROS PACE 2
2023-04-13,Edwards Run,Run,2.99,37:25,"12'31""/mi",143,151,233,236,495,67,5251,,COROS PACE 2
2023-04-12,Edwards Run,Run,4.38,1:02:18,"14'12""/mi",155,138,945,935,940,195,8316,,COROS PACE 2
2023-04-11,Edwards Run,Run,6.01,1:02:20,"10'06""/mi",154,158,387,371,904,192,9465,,COROS PACE 2
2023-04-10,Edwards Run,Run,2.53,36:24,"14'24""/mi",133,133,518,499,423,58,4803,,COROS PACE 2
2023-04-10,Strength,Strength,,1:17:25,,92,,,,371,12,,1,COROS PACE 2
2023-04-09,Edwards Run,Run,8.58,2:01:21,"14'00""/mi",153,134,2070,2047,1820,351,15689,,COROS PACE 2
2023-04-07,Edwards Run,Run,5.41,53:10,"9'26""/mi",163,160,253,236,654,268,8096,,COROS PACE 2
2023-04-06,Edwards Run,Run,5.03,50:52,"9'55""/mi",159,155,331,335,612,232,7709,,COROS PACE 2
2023-04-06,ski,GPS Cardio,3.31,55:50,"15'20""/mi",158,121,1749,1778,677,172,5503,,COROS PACE 2
2023-04-05,Edwards Run,Run,5.45,57:58,"10'37""/mi",153,152,525,554,669,130,8645,,COROS PACE 2
